system:index,NDVI,date,.geo
2015_01_01,0.7198047710988277,2015-01-01,"{""type"":""MultiPoint"",""coordinates"":[]}"
2015_01_17,0.6984087075839481,2015-01-17,"{""type"":""MultiPoint"",""coordinates"":[]}"
2015_02_02,0.6764193926261319,2015-02-02,"{""type"":""MultiPoint"",""coordinates"":[]}"
2015_02_18,0.6656004805517308,2015-02-18,"{""type"":""MultiPoint"",""coordinates"":[]}"
2015_03_06,0.6722848836581446,2015-03-06,"{""type"":""MultiPoint"",""coordinates"":[]}"
2015_03_22,0.6923779034746681,2015-03-22,"{""type"":""MultiPoint"",""coordinates"":[]}"
2015_04_07,0.695113842767306,2015-04-07,"{""type"":""MultiPoint"",""coordinates"":[]}"
2015_04_23,0.7270075961693521,2015-04-23,"{""type"":""MultiPoint"",""coordinates"":[]}"
2015_05_09,0.5761400055853139,2015-05-09,"{""type"":""MultiPoint"",""coordinates"":[]}"
2015_05_25,0.6086712641086801,2015-05-25,"{""type"":""MultiPoint"",""coordinates"":[]}"
2015_06_10,0.626254432520207,2015-06-10,"{""type"":""MultiPoint"",""coordinates"":[]}"
2015_06_26,0.710311433048453,2015-06-26,"{""type"":""MultiPoint"",""coordinates"":[]}"
2015_07_12,0.44061852525709677,2015-07-12,"{""type"":""MultiPoint"",""coordinates"":[]}"
2015_07_28,0.6228322876842536,2015-07-28,"{""type"":""MultiPoint"",""coordinates"":[]}"
2015_08_13,0.653917383182564,2015-08-13,"{""type"":""MultiPoint"",""coordinates"":[]}"
2015_08_29,0.6212078437131116,2015-08-29,"{""type"":""MultiPoint"",""coordinates"":[]}"
2015_09_14,0.7367176644929312,2015-09-14,"{""type"":""MultiPoint"",""coordinates"":[]}"
2015_09_30,0.7284108502589025,2015-09-30,"{""type"":""MultiPoint"",""coordinates"":[]}"
2015_10_16,0.7549103633824977,2015-10-16,"{""type"":""MultiPoint"",""coordinates"":[]}"
2015_11_01,0.6914455276708759,2015-11-01,"{""type"":""MultiPoint"",""coordinates"":[]}"
2015_11_17,0.7717666575085737,2015-11-17,"{""type"":""MultiPoint"",""coordinates"":[]}"
2015_12_03,0.7974883817494451,2015-12-03,"{""type"":""MultiPoint"",""coordinates"":[]}"
2015_12_19,0.7661937575917352,2015-12-19,"{""type"":""MultiPoint"",""coordinates"":[]}"
2016_01_01,0.7259475981347184,2016-01-01,"{""type"":""MultiPoint"",""coordinates"":[]}"
2016_01_17,0.7032360244975869,2016-01-17,"{""type"":""MultiPoint"",""coordinates"":[]}"
2016_02_02,0.7135472489400437,2016-02-02,"{""type"":""MultiPoint"",""coordinates"":[]}"
2016_02_18,0.707906181500473,2016-02-18,"{""type"":""MultiPoint"",""coordinates"":[]}"
2016_03_05,0.7038279430275163,2016-03-05,"{""type"":""MultiPoint"",""coordinates"":[]}"
2016_03_21,0.6458976805430257,2016-03-21,"{""type"":""MultiPoint"",""coordinates"":[]}"
2016_04_06,0.688958530460301,2016-04-06,"{""type"":""MultiPoint"",""coordinates"":[]}"
2016_04_22,0.7001706043442498,2016-04-22,"{""type"":""MultiPoint"",""coordinates"":[]}"
2016_05_08,0.6046506141748037,2016-05-08,"{""type"":""MultiPoint"",""coordinates"":[]}"
2016_05_24,0.5174015173802153,2016-05-24,"{""type"":""MultiPoint"",""coordinates"":[]}"
2016_06_09,0.5208806629581672,2016-06-09,"{""type"":""MultiPoint"",""coordinates"":[]}"
2016_06_25,0.3558095592998632,2016-06-25,"{""type"":""MultiPoint"",""coordinates"":[]}"
2016_07_11,0.35158690888105165,2016-07-11,"{""type"":""MultiPoint"",""coordinates"":[]}"
2016_07_27,0.6078105060743517,2016-07-27,"{""type"":""MultiPoint"",""coordinates"":[]}"
2016_08_12,0.5330683701778478,2016-08-12,"{""type"":""MultiPoint"",""coordinates"":[]}"
2016_08_28,0.48342375662012266,2016-08-28,"{""type"":""MultiPoint"",""coordinates"":[]}"
2016_09_13,0.58653673929866,2016-09-13,"{""type"":""MultiPoint"",""coordinates"":[]}"
2016_09_29,0.6548217021346825,2016-09-29,"{""type"":""MultiPoint"",""coordinates"":[]}"
2016_10_15,0.7092927812835296,2016-10-15,"{""type"":""MultiPoint"",""coordinates"":[]}"
2016_10_31,0.757169230204441,2016-10-31,"{""type"":""MultiPoint"",""coordinates"":[]}"
2016_11_16,0.7515297692494503,2016-11-16,"{""type"":""MultiPoint"",""coordinates"":[]}"
2016_12_02,0.7426682373117953,2016-12-02,"{""type"":""MultiPoint"",""coordinates"":[]}"
2016_12_18,0.7403923815442748,2016-12-18,"{""type"":""MultiPoint"",""coordinates"":[]}"
2017_01_01,0.7028483197731104,2017-01-01,"{""type"":""MultiPoint"",""coordinates"":[]}"
2017_01_17,0.6823799429416731,2017-01-17,"{""type"":""MultiPoint"",""coordinates"":[]}"
2017_02_02,0.6838250181707971,2017-02-02,"{""type"":""MultiPoint"",""coordinates"":[]}"
2017_02_18,0.6674461798971612,2017-02-18,"{""type"":""MultiPoint"",""coordinates"":[]}"
2017_03_06,0.6888303541532879,2017-03-06,"{""type"":""MultiPoint"",""coordinates"":[]}"
2017_03_22,0.6952943040977668,2017-03-22,"{""type"":""MultiPoint"",""coordinates"":[]}"
2017_04_07,0.5644308858188649,2017-04-07,"{""type"":""MultiPoint"",""coordinates"":[]}"
2017_04_23,0.7081657515195007,2017-04-23,"{""type"":""MultiPoint"",""coordinates"":[]}"
2017_05_09,0.6511192154967382,2017-05-09,"{""type"":""MultiPoint"",""coordinates"":[]}"
2017_05_25,0.5811046035999221,2017-05-25,"{""type"":""MultiPoint"",""coordinates"":[]}"
2017_06_10,0.4266751436468164,2017-06-10,"{""type"":""MultiPoint"",""coordinates"":[]}"
2017_06_26,0.4295933169650216,2017-06-26,"{""type"":""MultiPoint"",""coordinates"":[]}"
2017_07_12,0.5485546453930528,2017-07-12,"{""type"":""MultiPoint"",""coordinates"":[]}"
2017_07_28,0.6063214371135957,2017-07-28,"{""type"":""MultiPoint"",""coordinates"":[]}"
2017_08_13,0.42594237038746496,2017-08-13,"{""type"":""MultiPoint"",""coordinates"":[]}"
2017_08_29,0.629128243201699,2017-08-29,"{""type"":""MultiPoint"",""coordinates"":[]}"
2017_09_14,0.6167481804553432,2017-09-14,"{""type"":""MultiPoint"",""coordinates"":[]}"
2017_09_30,0.5326253636197592,2017-09-30,"{""type"":""MultiPoint"",""coordinates"":[]}"
2017_10_16,0.7687259459712795,2017-10-16,"{""type"":""MultiPoint"",""coordinates"":[]}"
2017_11_01,0.7580209427823983,2017-11-01,"{""type"":""MultiPoint"",""coordinates"":[]}"
2017_11_17,0.7473834391334634,2017-11-17,"{""type"":""MultiPoint"",""coordinates"":[]}"
2017_12_03,0.7544595783826381,2017-12-03,"{""type"":""MultiPoint"",""coordinates"":[]}"
2017_12_19,0.7456393406728973,2017-12-19,"{""type"":""MultiPoint"",""coordinates"":[]}"
2018_01_01,0.6877985065639749,2018-01-01,"{""type"":""MultiPoint"",""coordinates"":[]}"
2018_01_17,0.6737562656340702,2018-01-17,"{""type"":""MultiPoint"",""coordinates"":[]}"
2018_02_02,0.6848528143180421,2018-02-02,"{""type"":""MultiPoint"",""coordinates"":[]}"
2018_02_18,0.6828463865956986,2018-02-18,"{""type"":""MultiPoint"",""coordinates"":[]}"
2018_03_06,0.6735570486090696,2018-03-06,"{""type"":""MultiPoint"",""coordinates"":[]}"
2018_03_22,0.6697946839921348,2018-03-22,"{""type"":""MultiPoint"",""coordinates"":[]}"
2018_04_07,0.6544252983756489,2018-04-07,"{""type"":""MultiPoint"",""coordinates"":[]}"
2018_04_23,0.6810488727890978,2018-04-23,"{""type"":""MultiPoint"",""coordinates"":[]}"
2018_05_09,0.6672241956834694,2018-05-09,"{""type"":""MultiPoint"",""coordinates"":[]}"
2018_05_25,0.5514612518300809,2018-05-25,"{""type"":""MultiPoint"",""coordinates"":[]}"
2018_06_10,0.38646746288612244,2018-06-10,"{""type"":""MultiPoint"",""coordinates"":[]}"
2018_06_26,0.5487747857477119,2018-06-26,"{""type"":""MultiPoint"",""coordinates"":[]}"
2018_07_12,0.3043414152840837,2018-07-12,"{""type"":""MultiPoint"",""coordinates"":[]}"
2018_07_28,0.39943148122424416,2018-07-28,"{""type"":""MultiPoint"",""coordinates"":[]}"
2018_08_13,0.387075384024174,2018-08-13,"{""type"":""MultiPoint"",""coordinates"":[]}"
2018_08_29,0.6765570648425422,2018-08-29,"{""type"":""MultiPoint"",""coordinates"":[]}"
2018_09_14,0.6620656703601303,2018-09-14,"{""type"":""MultiPoint"",""coordinates"":[]}"
2018_09_30,0.6475457178548404,2018-09-30,"{""type"":""MultiPoint"",""coordinates"":[]}"
2018_10_16,0.7198774595347376,2018-10-16,"{""type"":""MultiPoint"",""coordinates"":[]}"
2018_11_01,0.7320101716728681,2018-11-01,"{""type"":""MultiPoint"",""coordinates"":[]}"
2018_11_17,0.7257025403665723,2018-11-17,"{""type"":""MultiPoint"",""coordinates"":[]}"
2018_12_03,0.7158111633543447,2018-12-03,"{""type"":""MultiPoint"",""coordinates"":[]}"
2018_12_19,0.7277248348871888,2018-12-19,"{""type"":""MultiPoint"",""coordinates"":[]}"
2019_01_01,0.7081256766131765,2019-01-01,"{""type"":""MultiPoint"",""coordinates"":[]}"
2019_01_17,0.6799153215220514,2019-01-17,"{""type"":""MultiPoint"",""coordinates"":[]}"
2019_02_02,0.6752176986630625,2019-02-02,"{""type"":""MultiPoint"",""coordinates"":[]}"
2019_02_18,0.651344554649647,2019-02-18,"{""type"":""MultiPoint"",""coordinates"":[]}"
2019_03_06,0.6550464063896155,2019-03-06,"{""type"":""MultiPoint"",""coordinates"":[]}"
2019_03_22,0.6661418651494639,2019-03-22,"{""type"":""MultiPoint"",""coordinates"":[]}"
2019_04_07,0.6722869461528095,2019-04-07,"{""type"":""MultiPoint"",""coordinates"":[]}"
2019_04_23,0.6588305799645181,2019-04-23,"{""type"":""MultiPoint"",""coordinates"":[]}"
2019_05_09,0.645684804929669,2019-05-09,"{""type"":""MultiPoint"",""coordinates"":[]}"
2019_05_25,0.6319303027871995,2019-05-25,"{""type"":""MultiPoint"",""coordinates"":[]}"
2019_06_10,0.5265245610354344,2019-06-10,"{""type"":""MultiPoint"",""coordinates"":[]}"
2019_06_26,0.6314735438054655,2019-06-26,"{""type"":""MultiPoint"",""coordinates"":[]}"
2019_07_12,0.5597896529311951,2019-07-12,"{""type"":""MultiPoint"",""coordinates"":[]}"
2019_07_28,0.4830224556401846,2019-07-28,"{""type"":""MultiPoint"",""coordinates"":[]}"
2019_08_13,0.3824555609907465,2019-08-13,"{""type"":""MultiPoint"",""coordinates"":[]}"
2019_08_29,0.567123667242184,2019-08-29,"{""type"":""MultiPoint"",""coordinates"":[]}"
2019_09_14,0.6013026896051603,2019-09-14,"{""type"":""MultiPoint"",""coordinates"":[]}"
2019_09_30,0.7484851573202586,2019-09-30,"{""type"":""MultiPoint"",""coordinates"":[]}"
2019_10_16,0.6589541559229997,2019-10-16,"{""type"":""MultiPoint"",""coordinates"":[]}"
2019_11_01,0.7637960853378287,2019-11-01,"{""type"":""MultiPoint"",""coordinates"":[]}"
2019_11_17,0.7472478457566063,2019-11-17,"{""type"":""MultiPoint"",""coordinates"":[]}"
2019_12_03,0.7499526509838538,2019-12-03,"{""type"":""MultiPoint"",""coordinates"":[]}"
2019_12_19,0.72693946618922,2019-12-19,"{""type"":""MultiPoint"",""coordinates"":[]}"
2020_01_01,0.708367993189749,2020-01-01,"{""type"":""MultiPoint"",""coordinates"":[]}"
2020_01_17,0.6959331359651285,2020-01-17,"{""type"":""MultiPoint"",""coordinates"":[]}"
2020_02_02,0.7007883427618138,2020-02-02,"{""type"":""MultiPoint"",""coordinates"":[]}"
2020_02_18,0.68150204843009,2020-02-18,"{""type"":""MultiPoint"",""coordinates"":[]}"
2020_03_05,0.6643334859654441,2020-03-05,"{""type"":""MultiPoint"",""coordinates"":[]}"
2020_03_21,0.674155194986598,2020-03-21,"{""type"":""MultiPoint"",""coordinates"":[]}"
2020_04_06,0.6901530817660086,2020-04-06,"{""type"":""MultiPoint"",""coordinates"":[]}"
2020_04_22,0.6588950093008523,2020-04-22,"{""type"":""MultiPoint"",""coordinates"":[]}"
2020_05_08,0.6465307093294691,2020-05-08,"{""type"":""MultiPoint"",""coordinates"":[]}"
2020_05_24,0.6118210943480579,2020-05-24,"{""type"":""MultiPoint"",""coordinates"":[]}"
2020_06_09,0.6636179991506943,2020-06-09,"{""type"":""MultiPoint"",""coordinates"":[]}"
2020_06_25,0.6100170800517656,2020-06-25,"{""type"":""MultiPoint"",""coordinates"":[]}"
2020_07_11,0.5769331240914533,2020-07-11,"{""type"":""MultiPoint"",""coordinates"":[]}"
2020_07_27,0.5388649527908435,2020-07-27,"{""type"":""MultiPoint"",""coordinates"":[]}"
2020_08_12,0.4877663588748576,2020-08-12,"{""type"":""MultiPoint"",""coordinates"":[]}"
2020_08_28,0.5946552007556425,2020-08-28,"{""type"":""MultiPoint"",""coordinates"":[]}"
2020_09_13,0.5249572509379135,2020-09-13,"{""type"":""MultiPoint"",""coordinates"":[]}"
2020_09_29,0.6162169051025717,2020-09-29,"{""type"":""MultiPoint"",""coordinates"":[]}"
2020_10_15,0.734490803159021,2020-10-15,"{""type"":""MultiPoint"",""coordinates"":[]}"
2020_10_31,0.7647452480619442,2020-10-31,"{""type"":""MultiPoint"",""coordinates"":[]}"
2020_11_16,0.7641648222143804,2020-11-16,"{""type"":""MultiPoint"",""coordinates"":[]}"
2020_12_02,0.7713289458298795,2020-12-02,"{""type"":""MultiPoint"",""coordinates"":[]}"
2020_12_18,0.7494843866068763,2020-12-18,"{""type"":""MultiPoint"",""coordinates"":[]}"
2021_01_01,0.735269555314847,2021-01-01,"{""type"":""MultiPoint"",""coordinates"":[]}"
2021_01_17,0.733747454368972,2021-01-17,"{""type"":""MultiPoint"",""coordinates"":[]}"
2021_02_02,0.7169711096204693,2021-02-02,"{""type"":""MultiPoint"",""coordinates"":[]}"
2021_02_18,0.697711472425459,2021-02-18,"{""type"":""MultiPoint"",""coordinates"":[]}"
2021_03_06,0.6810161165975815,2021-03-06,"{""type"":""MultiPoint"",""coordinates"":[]}"
2021_03_22,0.6828840894690686,2021-03-22,"{""type"":""MultiPoint"",""coordinates"":[]}"
2021_04_07,0.6508710024171821,2021-04-07,"{""type"":""MultiPoint"",""coordinates"":[]}"
2021_04_23,0.7778574932051625,2021-04-23,"{""type"":""MultiPoint"",""coordinates"":[]}"
2021_05_09,0.629003868990959,2021-05-09,"{""type"":""MultiPoint"",""coordinates"":[]}"
2021_05_25,0.7056454434068244,2021-05-25,"{""type"":""MultiPoint"",""coordinates"":[]}"
2021_06_10,0.6524142895805191,2021-06-10,"{""type"":""MultiPoint"",""coordinates"":[]}"
2021_06_26,0.5720114255418195,2021-06-26,"{""type"":""MultiPoint"",""coordinates"":[]}"
2021_07_12,0.38819183558411824,2021-07-12,"{""type"":""MultiPoint"",""coordinates"":[]}"
2021_07_28,0.5486031055319596,2021-07-28,"{""type"":""MultiPoint"",""coordinates"":[]}"
2021_08_13,0.49020790242802637,2021-08-13,"{""type"":""MultiPoint"",""coordinates"":[]}"
2021_08_29,0.4524247875601873,2021-08-29,"{""type"":""MultiPoint"",""coordinates"":[]}"
2021_09_14,0.5519833698181505,2021-09-14,"{""type"":""MultiPoint"",""coordinates"":[]}"
2021_09_30,0.5813864525658885,2021-09-30,"{""type"":""MultiPoint"",""coordinates"":[]}"
2021_10_16,0.7327071702186961,2021-10-16,"{""type"":""MultiPoint"",""coordinates"":[]}"
2021_11_01,0.42302022180925164,2021-11-01,"{""type"":""MultiPoint"",""coordinates"":[]}"
2021_11_17,0.767999873987421,2021-11-17,"{""type"":""MultiPoint"",""coordinates"":[]}"
2021_12_03,0.7608349257409102,2021-12-03,"{""type"":""MultiPoint"",""coordinates"":[]}"
2021_12_19,0.7132170732666339,2021-12-19,"{""type"":""MultiPoint"",""coordinates"":[]}"
2022_01_01,0.6793844136901583,2022-01-01,"{""type"":""MultiPoint"",""coordinates"":[]}"
2022_01_17,0.6869033116005723,2022-01-17,"{""type"":""MultiPoint"",""coordinates"":[]}"
2022_02_02,0.7022200723925297,2022-02-02,"{""type"":""MultiPoint"",""coordinates"":[]}"
2022_02_18,0.6820187674309653,2022-02-18,"{""type"":""MultiPoint"",""coordinates"":[]}"
2022_03_06,0.6678440118886205,2022-03-06,"{""type"":""MultiPoint"",""coordinates"":[]}"
2022_03_22,0.645647598257417,2022-03-22,"{""type"":""MultiPoint"",""coordinates"":[]}"
2022_04_07,0.6981529904301969,2022-04-07,"{""type"":""MultiPoint"",""coordinates"":[]}"
2022_04_23,0.6869893829004184,2022-04-23,"{""type"":""MultiPoint"",""coordinates"":[]}"
2022_05_09,0.400769483064652,2022-05-09,"{""type"":""MultiPoint"",""coordinates"":[]}"
2022_05_25,0.6094074918836736,2022-05-25,"{""type"":""MultiPoint"",""coordinates"":[]}"
2022_06_10,0.7306944683244714,2022-06-10,"{""type"":""MultiPoint"",""coordinates"":[]}"
2022_06_26,0.4293989136345251,2022-06-26,"{""type"":""MultiPoint"",""coordinates"":[]}"
2022_07_12,0.623062315757078,2022-07-12,"{""type"":""MultiPoint"",""coordinates"":[]}"
2022_07_28,0.5438953972347157,2022-07-28,"{""type"":""MultiPoint"",""coordinates"":[]}"
2022_08_13,0.7372116585058824,2022-08-13,"{""type"":""MultiPoint"",""coordinates"":[]}"
2022_08_29,0.5637828158907172,2022-08-29,"{""type"":""MultiPoint"",""coordinates"":[]}"
2022_09_14,0.6397802005498209,2022-09-14,"{""type"":""MultiPoint"",""coordinates"":[]}"
2022_09_30,0.3318435749436349,2022-09-30,"{""type"":""MultiPoint"",""coordinates"":[]}"
2022_10_16,0.6966427532700679,2022-10-16,"{""type"":""MultiPoint"",""coordinates"":[]}"
2022_11_01,0.7115467542685857,2022-11-01,"{""type"":""MultiPoint"",""coordinates"":[]}"
2022_11_17,0.7450214028788633,2022-11-17,"{""type"":""MultiPoint"",""coordinates"":[]}"
2022_12_03,0.7295142202757257,2022-12-03,"{""type"":""MultiPoint"",""coordinates"":[]}"
2022_12_19,0.7294230144356868,2022-12-19,"{""type"":""MultiPoint"",""coordinates"":[]}"
2023_01_01,0.7035324117323327,2023-01-01,"{""type"":""MultiPoint"",""coordinates"":[]}"
2023_01_17,0.7004944452918577,2023-01-17,"{""type"":""MultiPoint"",""coordinates"":[]}"
2023_02_02,0.6828589836972858,2023-02-02,"{""type"":""MultiPoint"",""coordinates"":[]}"
2023_02_18,0.6851791944168674,2023-02-18,"{""type"":""MultiPoint"",""coordinates"":[]}"
2023_03_06,0.6673627886117027,2023-03-06,"{""type"":""MultiPoint"",""coordinates"":[]}"
2023_03_22,0.6628189302405669,2023-03-22,"{""type"":""MultiPoint"",""coordinates"":[]}"
2023_04_07,0.682537414409932,2023-04-07,"{""type"":""MultiPoint"",""coordinates"":[]}"
2023_04_23,0.6436414951273527,2023-04-23,"{""type"":""MultiPoint"",""coordinates"":[]}"
2023_05_09,0.7072775300017365,2023-05-09,"{""type"":""MultiPoint"",""coordinates"":[]}"
2023_05_25,0.6403345805452391,2023-05-25,"{""type"":""MultiPoint"",""coordinates"":[]}"
2023_06_10,0.4596115896757689,2023-06-10,"{""type"":""MultiPoint"",""coordinates"":[]}"
2023_06_26,0.5039116251235437,2023-06-26,"{""type"":""MultiPoint"",""coordinates"":[]}"
2023_07_12,0.6779215339636503,2023-07-12,"{""type"":""MultiPoint"",""coordinates"":[]}"
2023_07_28,0.6356169367781836,2023-07-28,"{""type"":""MultiPoint"",""coordinates"":[]}"
2023_08_13,0.6665496682309707,2023-08-13,"{""type"":""MultiPoint"",""coordinates"":[]}"
2023_08_29,0.7221019862075134,2023-08-29,"{""type"":""MultiPoint"",""coordinates"":[]}"
2023_09_14,0.4392966074679107,2023-09-14,"{""type"":""MultiPoint"",""coordinates"":[]}"
2023_09_30,0.703583749749319,2023-09-30,"{""type"":""MultiPoint"",""coordinates"":[]}"
2023_10_16,0.7212444809649919,2023-10-16,"{""type"":""MultiPoint"",""coordinates"":[]}"
2023_11_01,0.7587318273609993,2023-11-01,"{""type"":""MultiPoint"",""coordinates"":[]}"
2023_11_17,0.7518114402089948,2023-11-17,"{""type"":""MultiPoint"",""coordinates"":[]}"
2023_12_03,0.7481737521282573,2023-12-03,"{""type"":""MultiPoint"",""coordinates"":[]}"
2023_12_19,0.7298703702525055,2023-12-19,"{""type"":""MultiPoint"",""coordinates"":[]}"
2024_01_01,0.7090852395645061,2024-01-01,"{""type"":""MultiPoint"",""coordinates"":[]}"
2024_01_17,0.7084939907802374,2024-01-17,"{""type"":""MultiPoint"",""coordinates"":[]}"
2024_02_02,0.6960155777313352,2024-02-02,"{""type"":""MultiPoint"",""coordinates"":[]}"
2024_02_18,0.686190572205531,2024-02-18,"{""type"":""MultiPoint"",""coordinates"":[]}"
2024_03_05,0.6521343814966549,2024-03-05,"{""type"":""MultiPoint"",""coordinates"":[]}"
2024_03_21,0.6452515378478795,2024-03-21,"{""type"":""MultiPoint"",""coordinates"":[]}"
2024_04_06,0.6367183209327375,2024-04-06,"{""type"":""MultiPoint"",""coordinates"":[]}"
2024_04_22,0.6859918253206935,2024-04-22,"{""type"":""MultiPoint"",""coordinates"":[]}"
2024_05_08,0.7187449588002477,2024-05-08,"{""type"":""MultiPoint"",""coordinates"":[]}"
2024_05_24,0.4079122757901842,2024-05-24,"{""type"":""MultiPoint"",""coordinates"":[]}"
2024_06_09,0.6584930544385506,2024-06-09,"{""type"":""MultiPoint"",""coordinates"":[]}"
2024_06_25,0.5551895168269296,2024-06-25,"{""type"":""MultiPoint"",""coordinates"":[]}"
2024_07_11,0.6222499164970154,2024-07-11,"{""type"":""MultiPoint"",""coordinates"":[]}"
2024_07_27,0.4550745968281964,2024-07-27,"{""type"":""MultiPoint"",""coordinates"":[]}"
2024_08_12,0.5831637539478101,2024-08-12,"{""type"":""MultiPoint"",""coordinates"":[]}"
2024_08_28,0.42494579772635155,2024-08-28,"{""type"":""MultiPoint"",""coordinates"":[]}"
2024_09_13,0.6534983932014251,2024-09-13,"{""type"":""MultiPoint"",""coordinates"":[]}"
2024_09_29,0.6245276139169472,2024-09-29,"{""type"":""MultiPoint"",""coordinates"":[]}"
2024_10_15,0.6583680992385755,2024-10-15,"{""type"":""MultiPoint"",""coordinates"":[]}"
2024_10_31,0.7673962592614014,2024-10-31,"{""type"":""MultiPoint"",""coordinates"":[]}"
2024_11_16,0.7477930571235849,2024-11-16,"{""type"":""MultiPoint"",""coordinates"":[]}"
2024_12_02,0.7490499171608794,2024-12-02,"{""type"":""MultiPoint"",""coordinates"":[]}"
2024_12_18,0.7338659624219327,2024-12-18,"{""type"":""MultiPoint"",""coordinates"":[]}"
2025_01_01,0.6983645179249276,2025-01-01,"{""type"":""MultiPoint"",""coordinates"":[]}"
2025_01_17,0.6848104773048226,2025-01-17,"{""type"":""MultiPoint"",""coordinates"":[]}"
2025_02_02,0.6801175425441316,2025-02-02,"{""type"":""MultiPoint"",""coordinates"":[]}"
2025_02_18,0.6724512526544439,2025-02-18,"{""type"":""MultiPoint"",""coordinates"":[]}"
2025_03_06,0.6849606544162747,2025-03-06,"{""type"":""MultiPoint"",""coordinates"":[]}"
2025_03_22,0.7165074317473046,2025-03-22,"{""type"":""MultiPoint"",""coordinates"":[]}"
2025_04_07,0.7331166916516302,2025-04-07,"{""type"":""MultiPoint"",""coordinates"":[]}"
2025_04_23,0.7477434857145023,2025-04-23,"{""type"":""MultiPoint"",""coordinates"":[]}"
2025_05_09,0.6941110539626287,2025-05-09,"{""type"":""MultiPoint"",""coordinates"":[]}"
2025_05_25,0.5281172270883059,2025-05-25,"{""type"":""MultiPoint"",""coordinates"":[]}"
2025_06_10,0.42176023258890055,2025-06-10,"{""type"":""MultiPoint"",""coordinates"":[]}"
2025_06_26,0.6316924759066777,2025-06-26,"{""type"":""MultiPoint"",""coordinates"":[]}"
2025_07_12,0.14637518111882394,2025-07-12,"{""type"":""MultiPoint"",""coordinates"":[]}"
2025_07_28,0.5330389317399762,2025-07-28,"{""type"":""MultiPoint"",""coordinates"":[]}"
2025_08_13,0.6812691253098623,2025-08-13,"{""type"":""MultiPoint"",""coordinates"":[]}"
2025_08_29,0.612453866187082,2025-08-29,"{""type"":""MultiPoint"",""coordinates"":[]}"
2025_09_14,0.5406609251077509,2025-09-14,"{""type"":""MultiPoint"",""coordinates"":[]}"
2025_09_30,0.7409348520272622,2025-09-30,"{""type"":""MultiPoint"",""coordinates"":[]}"
2025_10_16,0.7104258045153793,2025-10-16,"{""type"":""MultiPoint"",""coordinates"":[]}"
2025_11_01,0.7484768321437253,2025-11-01,"{""type"":""MultiPoint"",""coordinates"":[]}"
2025_11_17,0.7203252671524183,2025-11-17,"{""type"":""MultiPoint"",""coordinates"":[]}"
2025_12_03,0.7477889191241139,2025-12-03,"{""type"":""MultiPoint"",""coordinates"":[]}"
2025_12_19,0.7000271169950834,2025-12-19,"{""type"":""MultiPoint"",""coordinates"":[]}"
