system:index,LST_Celsius,date,.geo
2015_01_01,30.02937296330265,2015-01-01,"{""type"":""MultiPoint"",""coordinates"":[]}"
2015_01_09,29.94909922832079,2015-01-09,"{""type"":""MultiPoint"",""coordinates"":[]}"
2015_01_17,30.616975862222034,2015-01-17,"{""type"":""MultiPoint"",""coordinates"":[]}"
2015_01_25,30.846882631275378,2015-01-25,"{""type"":""MultiPoint"",""coordinates"":[]}"
2015_02_02,31.707830848350113,2015-02-02,"{""type"":""MultiPoint"",""coordinates"":[]}"
2015_02_10,30.60460516902583,2015-02-10,"{""type"":""MultiPoint"",""coordinates"":[]}"
2015_02_18,33.374853539390756,2015-02-18,"{""type"":""MultiPoint"",""coordinates"":[]}"
2015_02_26,32.58412403189061,2015-02-26,"{""type"":""MultiPoint"",""coordinates"":[]}"
2015_03_06,32.71487099901617,2015-03-06,"{""type"":""MultiPoint"",""coordinates"":[]}"
2015_03_14,33.052176172797715,2015-03-14,"{""type"":""MultiPoint"",""coordinates"":[]}"
2015_03_22,32.641393590064695,2015-03-22,"{""type"":""MultiPoint"",""coordinates"":[]}"
2015_03_30,30.976591920744227,2015-03-30,"{""type"":""MultiPoint"",""coordinates"":[]}"
2015_04_07,31.476330922587806,2015-04-07,"{""type"":""MultiPoint"",""coordinates"":[]}"
2015_04_15,32.46439993518061,2015-04-15,"{""type"":""MultiPoint"",""coordinates"":[]}"
2015_04_23,31.858071344340715,2015-04-23,"{""type"":""MultiPoint"",""coordinates"":[]}"
2015_05_01,29.65182599882945,2015-05-01,"{""type"":""MultiPoint"",""coordinates"":[]}"
2015_05_09,30.565204572900768,2015-05-09,"{""type"":""MultiPoint"",""coordinates"":[]}"
2015_05_17,29.12230410759446,2015-05-17,"{""type"":""MultiPoint"",""coordinates"":[]}"
2015_05_25,29.92351881956148,2015-05-25,"{""type"":""MultiPoint"",""coordinates"":[]}"
2015_06_02,26.627004656089184,2015-06-02,"{""type"":""MultiPoint"",""coordinates"":[]}"
2015_06_10,24.349201436203202,2015-06-10,"{""type"":""MultiPoint"",""coordinates"":[]}"
2015_06_18,24.94122755878425,2015-06-18,"{""type"":""MultiPoint"",""coordinates"":[]}"
2015_06_26,28.40584979755812,2015-06-26,"{""type"":""MultiPoint"",""coordinates"":[]}"
2015_07_04,25.89932723761467,2015-07-04,"{""type"":""MultiPoint"",""coordinates"":[]}"
2015_07_12,,2015-07-12,"{""type"":""MultiPoint"",""coordinates"":[]}"
2015_07_20,28.639521947094522,2015-07-20,"{""type"":""MultiPoint"",""coordinates"":[]}"
2015_07_28,27.422229002697065,2015-07-28,"{""type"":""MultiPoint"",""coordinates"":[]}"
2015_08_05,27.792673446032268,2015-08-05,"{""type"":""MultiPoint"",""coordinates"":[]}"
2015_08_13,28.191975971377417,2015-08-13,"{""type"":""MultiPoint"",""coordinates"":[]}"
2015_08_21,28.485918702789093,2015-08-21,"{""type"":""MultiPoint"",""coordinates"":[]}"
2015_08_29,27.417057777843524,2015-08-29,"{""type"":""MultiPoint"",""coordinates"":[]}"
2015_09_06,29.48697712638858,2015-09-06,"{""type"":""MultiPoint"",""coordinates"":[]}"
2015_09_14,27.691926219674087,2015-09-14,"{""type"":""MultiPoint"",""coordinates"":[]}"
2015_09_22,29.997790347244347,2015-09-22,"{""type"":""MultiPoint"",""coordinates"":[]}"
2015_09_30,28.908510442291572,2015-09-30,"{""type"":""MultiPoint"",""coordinates"":[]}"
2015_10_08,30.56683812489581,2015-10-08,"{""type"":""MultiPoint"",""coordinates"":[]}"
2015_10_16,27.308634037107936,2015-10-16,"{""type"":""MultiPoint"",""coordinates"":[]}"
2015_10_24,31.858422478550438,2015-10-24,"{""type"":""MultiPoint"",""coordinates"":[]}"
2015_11_01,28.75122341275238,2015-11-01,"{""type"":""MultiPoint"",""coordinates"":[]}"
2015_11_09,28.724789053492316,2015-11-09,"{""type"":""MultiPoint"",""coordinates"":[]}"
2015_11_17,30.43075562569186,2015-11-17,"{""type"":""MultiPoint"",""coordinates"":[]}"
2015_11_25,28.936376085617894,2015-11-25,"{""type"":""MultiPoint"",""coordinates"":[]}"
2015_12_03,29.889763389858956,2015-12-03,"{""type"":""MultiPoint"",""coordinates"":[]}"
2015_12_11,27.385477013999775,2015-12-11,"{""type"":""MultiPoint"",""coordinates"":[]}"
2015_12_19,29.707419752319367,2015-12-19,"{""type"":""MultiPoint"",""coordinates"":[]}"
2015_12_27,30.399196509670617,2015-12-27,"{""type"":""MultiPoint"",""coordinates"":[]}"
2016_01_01,30.22747925235734,2016-01-01,"{""type"":""MultiPoint"",""coordinates"":[]}"
2016_01_09,29.883838708933183,2016-01-09,"{""type"":""MultiPoint"",""coordinates"":[]}"
2016_01_17,30.835456126251813,2016-01-17,"{""type"":""MultiPoint"",""coordinates"":[]}"
2016_01_25,31.123138002226312,2016-01-25,"{""type"":""MultiPoint"",""coordinates"":[]}"
2016_02_02,30.182162392464363,2016-02-02,"{""type"":""MultiPoint"",""coordinates"":[]}"
2016_02_10,30.886448476647445,2016-02-10,"{""type"":""MultiPoint"",""coordinates"":[]}"
2016_02_18,33.71364943885516,2016-02-18,"{""type"":""MultiPoint"",""coordinates"":[]}"
2016_02_26,32.29762303263209,2016-02-26,"{""type"":""MultiPoint"",""coordinates"":[]}"
2016_03_05,32.7760801102325,2016-03-05,"{""type"":""MultiPoint"",""coordinates"":[]}"
2016_03_13,32.491949806915954,2016-03-13,"{""type"":""MultiPoint"",""coordinates"":[]}"
2016_03_21,33.13915417545587,2016-03-21,"{""type"":""MultiPoint"",""coordinates"":[]}"
2016_03_29,32.23440390332712,2016-03-29,"{""type"":""MultiPoint"",""coordinates"":[]}"
2016_04_06,31.73938650150592,2016-04-06,"{""type"":""MultiPoint"",""coordinates"":[]}"
2016_04_14,31.69302227897225,2016-04-14,"{""type"":""MultiPoint"",""coordinates"":[]}"
2016_04_22,32.35785339900991,2016-04-22,"{""type"":""MultiPoint"",""coordinates"":[]}"
2016_04_30,32.78256528865148,2016-04-30,"{""type"":""MultiPoint"",""coordinates"":[]}"
2016_05_08,32.496583128786256,2016-05-08,"{""type"":""MultiPoint"",""coordinates"":[]}"
2016_05_16,31.2823631092607,2016-05-16,"{""type"":""MultiPoint"",""coordinates"":[]}"
2016_05_24,29.26459022739226,2016-05-24,"{""type"":""MultiPoint"",""coordinates"":[]}"
2016_06_01,27.01123859263322,2016-06-01,"{""type"":""MultiPoint"",""coordinates"":[]}"
2016_06_09,27.682689688206153,2016-06-09,"{""type"":""MultiPoint"",""coordinates"":[]}"
2016_06_17,28.161523944630744,2016-06-17,"{""type"":""MultiPoint"",""coordinates"":[]}"
2016_06_25,22.09533333333337,2016-06-25,"{""type"":""MultiPoint"",""coordinates"":[]}"
2016_07_03,,2016-07-03,"{""type"":""MultiPoint"",""coordinates"":[]}"
2016_07_11,25.163675600739452,2016-07-11,"{""type"":""MultiPoint"",""coordinates"":[]}"
2016_07_19,,2016-07-19,"{""type"":""MultiPoint"",""coordinates"":[]}"
2016_07_27,27.535843730921954,2016-07-27,"{""type"":""MultiPoint"",""coordinates"":[]}"
2016_08_04,27.548830567725133,2016-08-04,"{""type"":""MultiPoint"",""coordinates"":[]}"
2016_08_12,27.820708813143938,2016-08-12,"{""type"":""MultiPoint"",""coordinates"":[]}"
2016_08_20,25.887716887157183,2016-08-20,"{""type"":""MultiPoint"",""coordinates"":[]}"
2016_08_28,29.449944229363552,2016-08-28,"{""type"":""MultiPoint"",""coordinates"":[]}"
2016_09_05,27.578707615116855,2016-09-05,"{""type"":""MultiPoint"",""coordinates"":[]}"
2016_09_13,27.80751612536625,2016-09-13,"{""type"":""MultiPoint"",""coordinates"":[]}"
2016_09_21,26.624878168415705,2016-09-21,"{""type"":""MultiPoint"",""coordinates"":[]}"
2016_09_29,29.57026270304823,2016-09-29,"{""type"":""MultiPoint"",""coordinates"":[]}"
2016_10_07,28.72934280414802,2016-10-07,"{""type"":""MultiPoint"",""coordinates"":[]}"
2016_10_15,28.457230560776168,2016-10-15,"{""type"":""MultiPoint"",""coordinates"":[]}"
2016_10_23,27.51811903406218,2016-10-23,"{""type"":""MultiPoint"",""coordinates"":[]}"
2016_10_31,31.772261842572334,2016-10-31,"{""type"":""MultiPoint"",""coordinates"":[]}"
2016_11_08,29.37215255161226,2016-11-08,"{""type"":""MultiPoint"",""coordinates"":[]}"
2016_11_16,30.661744162219577,2016-11-16,"{""type"":""MultiPoint"",""coordinates"":[]}"
2016_11_24,29.23525971921009,2016-11-24,"{""type"":""MultiPoint"",""coordinates"":[]}"
2016_12_02,29.25027753664483,2016-12-02,"{""type"":""MultiPoint"",""coordinates"":[]}"
2016_12_10,29.030518486599078,2016-12-10,"{""type"":""MultiPoint"",""coordinates"":[]}"
2016_12_18,29.575556151746866,2016-12-18,"{""type"":""MultiPoint"",""coordinates"":[]}"
2016_12_26,30.115598274655042,2016-12-26,"{""type"":""MultiPoint"",""coordinates"":[]}"
2017_01_01,30.14305281690764,2017-01-01,"{""type"":""MultiPoint"",""coordinates"":[]}"
2017_01_09,30.555039450269078,2017-01-09,"{""type"":""MultiPoint"",""coordinates"":[]}"
2017_01_17,31.931433880953136,2017-01-17,"{""type"":""MultiPoint"",""coordinates"":[]}"
2017_01_25,31.47582537960369,2017-01-25,"{""type"":""MultiPoint"",""coordinates"":[]}"
2017_02_02,32.26832050248163,2017-02-02,"{""type"":""MultiPoint"",""coordinates"":[]}"
2017_02_10,33.385509183333056,2017-02-10,"{""type"":""MultiPoint"",""coordinates"":[]}"
2017_02_18,32.014742566485154,2017-02-18,"{""type"":""MultiPoint"",""coordinates"":[]}"
2017_02_26,34.267332291761136,2017-02-26,"{""type"":""MultiPoint"",""coordinates"":[]}"
2017_03_06,31.85256464865904,2017-03-06,"{""type"":""MultiPoint"",""coordinates"":[]}"
2017_03_14,30.691693266153493,2017-03-14,"{""type"":""MultiPoint"",""coordinates"":[]}"
2017_03_22,32.49538311465841,2017-03-22,"{""type"":""MultiPoint"",""coordinates"":[]}"
2017_03_30,32.02189825500079,2017-03-30,"{""type"":""MultiPoint"",""coordinates"":[]}"
2017_04_07,31.964291169247588,2017-04-07,"{""type"":""MultiPoint"",""coordinates"":[]}"
2017_04_15,31.136011118125623,2017-04-15,"{""type"":""MultiPoint"",""coordinates"":[]}"
2017_04_23,32.29992954993014,2017-04-23,"{""type"":""MultiPoint"",""coordinates"":[]}"
2017_05_01,31.87464346244201,2017-05-01,"{""type"":""MultiPoint"",""coordinates"":[]}"
2017_05_09,31.486756056628508,2017-05-09,"{""type"":""MultiPoint"",""coordinates"":[]}"
2017_05_17,30.38086995840115,2017-05-17,"{""type"":""MultiPoint"",""coordinates"":[]}"
2017_05_25,30.768053757777068,2017-05-25,"{""type"":""MultiPoint"",""coordinates"":[]}"
2017_06_02,26.45592074217086,2017-06-02,"{""type"":""MultiPoint"",""coordinates"":[]}"
2017_06_10,25.929359270376324,2017-06-10,"{""type"":""MultiPoint"",""coordinates"":[]}"
2017_06_18,29.56393750611545,2017-06-18,"{""type"":""MultiPoint"",""coordinates"":[]}"
2017_06_26,20.34209011190171,2017-06-26,"{""type"":""MultiPoint"",""coordinates"":[]}"
2017_07_04,24.799519965088336,2017-07-04,"{""type"":""MultiPoint"",""coordinates"":[]}"
2017_07_12,24.113312512593154,2017-07-12,"{""type"":""MultiPoint"",""coordinates"":[]}"
2017_07_20,27.870014017595622,2017-07-20,"{""type"":""MultiPoint"",""coordinates"":[]}"
2017_07_28,28.041123220843417,2017-07-28,"{""type"":""MultiPoint"",""coordinates"":[]}"
2017_08_05,28.08079948911211,2017-08-05,"{""type"":""MultiPoint"",""coordinates"":[]}"
2017_08_13,31.254853119599943,2017-08-13,"{""type"":""MultiPoint"",""coordinates"":[]}"
2017_08_21,25.379269546066382,2017-08-21,"{""type"":""MultiPoint"",""coordinates"":[]}"
2017_08_29,29.193224810507274,2017-08-29,"{""type"":""MultiPoint"",""coordinates"":[]}"
2017_09_06,27.599666923219957,2017-09-06,"{""type"":""MultiPoint"",""coordinates"":[]}"
2017_09_14,25.681233505645707,2017-09-14,"{""type"":""MultiPoint"",""coordinates"":[]}"
2017_09_22,30.899999302457843,2017-09-22,"{""type"":""MultiPoint"",""coordinates"":[]}"
2017_09_30,27.444536361069822,2017-09-30,"{""type"":""MultiPoint"",""coordinates"":[]}"
2017_10_08,29.148002766163245,2017-10-08,"{""type"":""MultiPoint"",""coordinates"":[]}"
2017_10_16,29.683591073381365,2017-10-16,"{""type"":""MultiPoint"",""coordinates"":[]}"
2017_10_24,30.924045008882104,2017-10-24,"{""type"":""MultiPoint"",""coordinates"":[]}"
2017_11_01,30.61942532439633,2017-11-01,"{""type"":""MultiPoint"",""coordinates"":[]}"
2017_11_09,29.240811831922088,2017-11-09,"{""type"":""MultiPoint"",""coordinates"":[]}"
2017_11_17,29.50464048312591,2017-11-17,"{""type"":""MultiPoint"",""coordinates"":[]}"
2017_11_25,26.23207516218031,2017-11-25,"{""type"":""MultiPoint"",""coordinates"":[]}"
2017_12_03,29.544342100332017,2017-12-03,"{""type"":""MultiPoint"",""coordinates"":[]}"
2017_12_11,29.81953733093701,2017-12-11,"{""type"":""MultiPoint"",""coordinates"":[]}"
2017_12_19,30.899252047652,2017-12-19,"{""type"":""MultiPoint"",""coordinates"":[]}"
2017_12_27,30.659639782755903,2017-12-27,"{""type"":""MultiPoint"",""coordinates"":[]}"
2018_01_01,29.683868769200842,2018-01-01,"{""type"":""MultiPoint"",""coordinates"":[]}"
2018_01_09,31.15821747320456,2018-01-09,"{""type"":""MultiPoint"",""coordinates"":[]}"
2018_01_17,30.798569257401653,2018-01-17,"{""type"":""MultiPoint"",""coordinates"":[]}"
2018_01_25,30.595085828641118,2018-01-25,"{""type"":""MultiPoint"",""coordinates"":[]}"
2018_02_02,32.190689825395395,2018-02-02,"{""type"":""MultiPoint"",""coordinates"":[]}"
2018_02_10,31.236304236120645,2018-02-10,"{""type"":""MultiPoint"",""coordinates"":[]}"
2018_02_18,33.319636705442974,2018-02-18,"{""type"":""MultiPoint"",""coordinates"":[]}"
2018_02_26,33.72274419810333,2018-02-26,"{""type"":""MultiPoint"",""coordinates"":[]}"
2018_03_06,32.43280038740767,2018-03-06,"{""type"":""MultiPoint"",""coordinates"":[]}"
2018_03_14,33.074234734535764,2018-03-14,"{""type"":""MultiPoint"",""coordinates"":[]}"
2018_03_22,33.80043612482871,2018-03-22,"{""type"":""MultiPoint"",""coordinates"":[]}"
2018_03_30,32.454691657406954,2018-03-30,"{""type"":""MultiPoint"",""coordinates"":[]}"
2018_04_07,31.62073738497486,2018-04-07,"{""type"":""MultiPoint"",""coordinates"":[]}"
2018_04_15,31.741951787476353,2018-04-15,"{""type"":""MultiPoint"",""coordinates"":[]}"
2018_04_23,28.61547926791917,2018-04-23,"{""type"":""MultiPoint"",""coordinates"":[]}"
2018_05_01,30.4716024837723,2018-05-01,"{""type"":""MultiPoint"",""coordinates"":[]}"
2018_05_09,30.798423768976022,2018-05-09,"{""type"":""MultiPoint"",""coordinates"":[]}"
2018_05_17,29.86191313495658,2018-05-17,"{""type"":""MultiPoint"",""coordinates"":[]}"
2018_05_25,23.806875205434437,2018-05-25,"{""type"":""MultiPoint"",""coordinates"":[]}"
2018_06_02,29.547892022226847,2018-06-02,"{""type"":""MultiPoint"",""coordinates"":[]}"
2018_06_10,28.01894112679031,2018-06-10,"{""type"":""MultiPoint"",""coordinates"":[]}"
2018_06_18,26.48994392755236,2018-06-18,"{""type"":""MultiPoint"",""coordinates"":[]}"
2018_06_26,26.5960981264015,2018-06-26,"{""type"":""MultiPoint"",""coordinates"":[]}"
2018_07_04,26.5403187323505,2018-07-04,"{""type"":""MultiPoint"",""coordinates"":[]}"
2018_07_12,25.047342390026017,2018-07-12,"{""type"":""MultiPoint"",""coordinates"":[]}"
2018_07_20,,2018-07-20,"{""type"":""MultiPoint"",""coordinates"":[]}"
2018_07_28,27.34661398707624,2018-07-28,"{""type"":""MultiPoint"",""coordinates"":[]}"
2018_08_05,25.593049543495454,2018-08-05,"{""type"":""MultiPoint"",""coordinates"":[]}"
2018_08_13,,2018-08-13,"{""type"":""MultiPoint"",""coordinates"":[]}"
2018_08_21,26.80189593892601,2018-08-21,"{""type"":""MultiPoint"",""coordinates"":[]}"
2018_08_29,30.75948402360592,2018-08-29,"{""type"":""MultiPoint"",""coordinates"":[]}"
2018_09_06,31.704783995500463,2018-09-06,"{""type"":""MultiPoint"",""coordinates"":[]}"
2018_09_14,30.488921267579883,2018-09-14,"{""type"":""MultiPoint"",""coordinates"":[]}"
2018_09_22,32.52813791824019,2018-09-22,"{""type"":""MultiPoint"",""coordinates"":[]}"
2018_09_30,30.395714004957142,2018-09-30,"{""type"":""MultiPoint"",""coordinates"":[]}"
2018_10_08,30.301863430086485,2018-10-08,"{""type"":""MultiPoint"",""coordinates"":[]}"
2018_10_16,30.442571570667553,2018-10-16,"{""type"":""MultiPoint"",""coordinates"":[]}"
2018_10_24,30.751872626071076,2018-10-24,"{""type"":""MultiPoint"",""coordinates"":[]}"
2018_11_01,31.27174162841027,2018-11-01,"{""type"":""MultiPoint"",""coordinates"":[]}"
2018_11_09,30.773987662880188,2018-11-09,"{""type"":""MultiPoint"",""coordinates"":[]}"
2018_11_17,29.872180722622204,2018-11-17,"{""type"":""MultiPoint"",""coordinates"":[]}"
2018_11_25,30.448510009414292,2018-11-25,"{""type"":""MultiPoint"",""coordinates"":[]}"
2018_12_03,29.310435887436483,2018-12-03,"{""type"":""MultiPoint"",""coordinates"":[]}"
2018_12_11,28.823037681933556,2018-12-11,"{""type"":""MultiPoint"",""coordinates"":[]}"
2018_12_19,28.788091316443513,2018-12-19,"{""type"":""MultiPoint"",""coordinates"":[]}"
2018_12_27,29.73926000964127,2018-12-27,"{""type"":""MultiPoint"",""coordinates"":[]}"
2019_01_01,30.29753868290942,2019-01-01,"{""type"":""MultiPoint"",""coordinates"":[]}"
2019_01_09,30.73609014159524,2019-01-09,"{""type"":""MultiPoint"",""coordinates"":[]}"
2019_01_17,29.426768584695424,2019-01-17,"{""type"":""MultiPoint"",""coordinates"":[]}"
2019_01_25,31.176494643351475,2019-01-25,"{""type"":""MultiPoint"",""coordinates"":[]}"
2019_02_02,31.7164422195537,2019-02-02,"{""type"":""MultiPoint"",""coordinates"":[]}"
2019_02_10,32.907143298332244,2019-02-10,"{""type"":""MultiPoint"",""coordinates"":[]}"
2019_02_18,32.429790154180296,2019-02-18,"{""type"":""MultiPoint"",""coordinates"":[]}"
2019_02_26,32.194048967770016,2019-02-26,"{""type"":""MultiPoint"",""coordinates"":[]}"
2019_03_06,31.71440491510515,2019-03-06,"{""type"":""MultiPoint"",""coordinates"":[]}"
2019_03_14,33.49790840236892,2019-03-14,"{""type"":""MultiPoint"",""coordinates"":[]}"
2019_03_22,33.88697356057446,2019-03-22,"{""type"":""MultiPoint"",""coordinates"":[]}"
2019_03_30,32.91343095282531,2019-03-30,"{""type"":""MultiPoint"",""coordinates"":[]}"
2019_04_07,33.60091627497485,2019-04-07,"{""type"":""MultiPoint"",""coordinates"":[]}"
2019_04_15,32.92344402440597,2019-04-15,"{""type"":""MultiPoint"",""coordinates"":[]}"
2019_04_23,30.58665427762844,2019-04-23,"{""type"":""MultiPoint"",""coordinates"":[]}"
2019_05_01,32.503530185021475,2019-05-01,"{""type"":""MultiPoint"",""coordinates"":[]}"
2019_05_09,31.847300206596003,2019-05-09,"{""type"":""MultiPoint"",""coordinates"":[]}"
2019_05_17,29.978666936275147,2019-05-17,"{""type"":""MultiPoint"",""coordinates"":[]}"
2019_05_25,29.008444736931096,2019-05-25,"{""type"":""MultiPoint"",""coordinates"":[]}"
2019_06_02,28.65948568038641,2019-06-02,"{""type"":""MultiPoint"",""coordinates"":[]}"
2019_06_10,27.227019025694915,2019-06-10,"{""type"":""MultiPoint"",""coordinates"":[]}"
2019_06_18,26.438660808626366,2019-06-18,"{""type"":""MultiPoint"",""coordinates"":[]}"
2019_06_26,29.167875168519856,2019-06-26,"{""type"":""MultiPoint"",""coordinates"":[]}"
2019_07_04,27.413796999872886,2019-07-04,"{""type"":""MultiPoint"",""coordinates"":[]}"
2019_07_12,28.007884280006238,2019-07-12,"{""type"":""MultiPoint"",""coordinates"":[]}"
2019_07_20,26.723465909090976,2019-07-20,"{""type"":""MultiPoint"",""coordinates"":[]}"
2019_07_28,28.508157202911832,2019-07-28,"{""type"":""MultiPoint"",""coordinates"":[]}"
2019_08_05,27.400010697267305,2019-08-05,"{""type"":""MultiPoint"",""coordinates"":[]}"
2019_08_13,27.334928327799844,2019-08-13,"{""type"":""MultiPoint"",""coordinates"":[]}"
2019_08_21,,2019-08-21,"{""type"":""MultiPoint"",""coordinates"":[]}"
2019_08_29,28.657017066498952,2019-08-29,"{""type"":""MultiPoint"",""coordinates"":[]}"
2019_09_06,28.109743977129824,2019-09-06,"{""type"":""MultiPoint"",""coordinates"":[]}"
2019_09_14,28.24493543013739,2019-09-14,"{""type"":""MultiPoint"",""coordinates"":[]}"
2019_09_22,29.44797919101927,2019-09-22,"{""type"":""MultiPoint"",""coordinates"":[]}"
2019_09_30,29.565786535772645,2019-09-30,"{""type"":""MultiPoint"",""coordinates"":[]}"
2019_10_08,29.58259187722598,2019-10-08,"{""type"":""MultiPoint"",""coordinates"":[]}"
2019_10_16,30.728193965017454,2019-10-16,"{""type"":""MultiPoint"",""coordinates"":[]}"
2019_10_24,28.640503505097797,2019-10-24,"{""type"":""MultiPoint"",""coordinates"":[]}"
2019_11_01,30.369080320978412,2019-11-01,"{""type"":""MultiPoint"",""coordinates"":[]}"
2019_11_09,30.451305549081553,2019-11-09,"{""type"":""MultiPoint"",""coordinates"":[]}"
2019_11_17,29.706094643977792,2019-11-17,"{""type"":""MultiPoint"",""coordinates"":[]}"
2019_11_25,30.014808336034662,2019-11-25,"{""type"":""MultiPoint"",""coordinates"":[]}"
2019_12_03,30.90416108514387,2019-12-03,"{""type"":""MultiPoint"",""coordinates"":[]}"
2019_12_11,29.501113088956743,2019-12-11,"{""type"":""MultiPoint"",""coordinates"":[]}"
2019_12_19,31.126856790641114,2019-12-19,"{""type"":""MultiPoint"",""coordinates"":[]}"
2019_12_27,30.733791086589406,2019-12-27,"{""type"":""MultiPoint"",""coordinates"":[]}"
2020_01_01,31.291783187796966,2020-01-01,"{""type"":""MultiPoint"",""coordinates"":[]}"
2020_01_09,31.247338940596592,2020-01-09,"{""type"":""MultiPoint"",""coordinates"":[]}"
2020_01_17,32.51152009541852,2020-01-17,"{""type"":""MultiPoint"",""coordinates"":[]}"
2020_01_25,31.831604583000512,2020-01-25,"{""type"":""MultiPoint"",""coordinates"":[]}"
2020_02_02,31.402998391798008,2020-02-02,"{""type"":""MultiPoint"",""coordinates"":[]}"
2020_02_10,32.915200634704206,2020-02-10,"{""type"":""MultiPoint"",""coordinates"":[]}"
2020_02_18,33.997342144375125,2020-02-18,"{""type"":""MultiPoint"",""coordinates"":[]}"
2020_02_26,32.00818550021694,2020-02-26,"{""type"":""MultiPoint"",""coordinates"":[]}"
2020_03_05,31.79532322520828,2020-03-05,"{""type"":""MultiPoint"",""coordinates"":[]}"
2020_03_13,33.16669151167423,2020-03-13,"{""type"":""MultiPoint"",""coordinates"":[]}"
2020_03_21,33.64539516375231,2020-03-21,"{""type"":""MultiPoint"",""coordinates"":[]}"
2020_03_29,34.26771502440715,2020-03-29,"{""type"":""MultiPoint"",""coordinates"":[]}"
2020_04_06,33.41779750792665,2020-04-06,"{""type"":""MultiPoint"",""coordinates"":[]}"
2020_04_14,32.39526715956356,2020-04-14,"{""type"":""MultiPoint"",""coordinates"":[]}"
2020_04_22,29.411741226716686,2020-04-22,"{""type"":""MultiPoint"",""coordinates"":[]}"
2020_04_30,30.47736945661063,2020-04-30,"{""type"":""MultiPoint"",""coordinates"":[]}"
2020_05_08,30.287458099517835,2020-05-08,"{""type"":""MultiPoint"",""coordinates"":[]}"
2020_05_16,21.065142203334403,2020-05-16,"{""type"":""MultiPoint"",""coordinates"":[]}"
2020_05_24,29.889055561833402,2020-05-24,"{""type"":""MultiPoint"",""coordinates"":[]}"
2020_06_01,28.65162812472397,2020-06-01,"{""type"":""MultiPoint"",""coordinates"":[]}"
2020_06_09,26.31311953523857,2020-06-09,"{""type"":""MultiPoint"",""coordinates"":[]}"
2020_06_17,29.750700434104203,2020-06-17,"{""type"":""MultiPoint"",""coordinates"":[]}"
2020_06_25,25.953346357268686,2020-06-25,"{""type"":""MultiPoint"",""coordinates"":[]}"
2020_07_03,29.64423481437052,2020-07-03,"{""type"":""MultiPoint"",""coordinates"":[]}"
2020_07_11,24.447702484672504,2020-07-11,"{""type"":""MultiPoint"",""coordinates"":[]}"
2020_07_19,29.9829007676625,2020-07-19,"{""type"":""MultiPoint"",""coordinates"":[]}"
2020_07_27,29.24002689977698,2020-07-27,"{""type"":""MultiPoint"",""coordinates"":[]}"
2020_08_04,,2020-08-04,"{""type"":""MultiPoint"",""coordinates"":[]}"
2020_08_12,24.794618271695413,2020-08-12,"{""type"":""MultiPoint"",""coordinates"":[]}"
2020_08_20,29.109268165838216,2020-08-20,"{""type"":""MultiPoint"",""coordinates"":[]}"
2020_08_28,30.42166560192271,2020-08-28,"{""type"":""MultiPoint"",""coordinates"":[]}"
2020_09_05,24.470952380952383,2020-09-05,"{""type"":""MultiPoint"",""coordinates"":[]}"
2020_09_13,27.06937605562507,2020-09-13,"{""type"":""MultiPoint"",""coordinates"":[]}"
2020_09_21,28.059385363896297,2020-09-21,"{""type"":""MultiPoint"",""coordinates"":[]}"
2020_09_29,29.761020440215418,2020-09-29,"{""type"":""MultiPoint"",""coordinates"":[]}"
2020_10_07,27.12210526315795,2020-10-07,"{""type"":""MultiPoint"",""coordinates"":[]}"
2020_10_15,29.675012019830774,2020-10-15,"{""type"":""MultiPoint"",""coordinates"":[]}"
2020_10_23,30.30288066406888,2020-10-23,"{""type"":""MultiPoint"",""coordinates"":[]}"
2020_10_31,30.641050296869878,2020-10-31,"{""type"":""MultiPoint"",""coordinates"":[]}"
2020_11_08,31.585080690612756,2020-11-08,"{""type"":""MultiPoint"",""coordinates"":[]}"
2020_11_16,30.12198765958948,2020-11-16,"{""type"":""MultiPoint"",""coordinates"":[]}"
2020_11_24,29.807910652432554,2020-11-24,"{""type"":""MultiPoint"",""coordinates"":[]}"
2020_12_02,30.132358235391052,2020-12-02,"{""type"":""MultiPoint"",""coordinates"":[]}"
2020_12_10,30.038300436241173,2020-12-10,"{""type"":""MultiPoint"",""coordinates"":[]}"
2020_12_18,29.62411350617606,2020-12-18,"{""type"":""MultiPoint"",""coordinates"":[]}"
2020_12_26,30.288533857493064,2020-12-26,"{""type"":""MultiPoint"",""coordinates"":[]}"
2021_01_01,30.57939011899589,2021-01-01,"{""type"":""MultiPoint"",""coordinates"":[]}"
2021_01_09,30.581622058967525,2021-01-09,"{""type"":""MultiPoint"",""coordinates"":[]}"
2021_01_17,30.102803373729103,2021-01-17,"{""type"":""MultiPoint"",""coordinates"":[]}"
2021_01_25,30.273707588762647,2021-01-25,"{""type"":""MultiPoint"",""coordinates"":[]}"
2021_02_02,31.087165219583028,2021-02-02,"{""type"":""MultiPoint"",""coordinates"":[]}"
2021_02_10,32.179795886491604,2021-02-10,"{""type"":""MultiPoint"",""coordinates"":[]}"
2021_02_18,31.753392711616243,2021-02-18,"{""type"":""MultiPoint"",""coordinates"":[]}"
2021_02_26,33.15639131399763,2021-02-26,"{""type"":""MultiPoint"",""coordinates"":[]}"
2021_03_06,33.208954940113586,2021-03-06,"{""type"":""MultiPoint"",""coordinates"":[]}"
2021_03_14,33.37874793413397,2021-03-14,"{""type"":""MultiPoint"",""coordinates"":[]}"
2021_03_22,33.97834161720334,2021-03-22,"{""type"":""MultiPoint"",""coordinates"":[]}"
2021_03_30,30.858815446757717,2021-03-30,"{""type"":""MultiPoint"",""coordinates"":[]}"
2021_04_07,30.5111813307405,2021-04-07,"{""type"":""MultiPoint"",""coordinates"":[]}"
2021_04_15,30.12788404420536,2021-04-15,"{""type"":""MultiPoint"",""coordinates"":[]}"
2021_04_23,30.402369711101358,2021-04-23,"{""type"":""MultiPoint"",""coordinates"":[]}"
2021_05_01,30.607058124147557,2021-05-01,"{""type"":""MultiPoint"",""coordinates"":[]}"
2021_05_09,29.27543932641879,2021-05-09,"{""type"":""MultiPoint"",""coordinates"":[]}"
2021_05_17,28.948997811153333,2021-05-17,"{""type"":""MultiPoint"",""coordinates"":[]}"
2021_05_25,28.52365752291894,2021-05-25,"{""type"":""MultiPoint"",""coordinates"":[]}"
2021_06_02,28.266075528429553,2021-06-02,"{""type"":""MultiPoint"",""coordinates"":[]}"
2021_06_10,27.25601133582228,2021-06-10,"{""type"":""MultiPoint"",""coordinates"":[]}"
2021_06_18,28.87589655115471,2021-06-18,"{""type"":""MultiPoint"",""coordinates"":[]}"
2021_06_26,26.56314470711493,2021-06-26,"{""type"":""MultiPoint"",""coordinates"":[]}"
2021_07_04,25.286587896539743,2021-07-04,"{""type"":""MultiPoint"",""coordinates"":[]}"
2021_07_12,25.980489767445135,2021-07-12,"{""type"":""MultiPoint"",""coordinates"":[]}"
2021_07_20,,2021-07-20,"{""type"":""MultiPoint"",""coordinates"":[]}"
2021_07_28,28.498656470917638,2021-07-28,"{""type"":""MultiPoint"",""coordinates"":[]}"
2021_08_05,25.67375317070855,2021-08-05,"{""type"":""MultiPoint"",""coordinates"":[]}"
2021_08_13,29.476697825381393,2021-08-13,"{""type"":""MultiPoint"",""coordinates"":[]}"
2021_08_21,27.917860751242642,2021-08-21,"{""type"":""MultiPoint"",""coordinates"":[]}"
2021_08_29,26.981800058634008,2021-08-29,"{""type"":""MultiPoint"",""coordinates"":[]}"
2021_09_06,28.19697996694981,2021-09-06,"{""type"":""MultiPoint"",""coordinates"":[]}"
2021_09_14,28.043716033745113,2021-09-14,"{""type"":""MultiPoint"",""coordinates"":[]}"
2021_09_22,28.905135195406103,2021-09-22,"{""type"":""MultiPoint"",""coordinates"":[]}"
2021_09_30,28.215569277395673,2021-09-30,"{""type"":""MultiPoint"",""coordinates"":[]}"
2021_10_08,27.885332051209673,2021-10-08,"{""type"":""MultiPoint"",""coordinates"":[]}"
2021_10_16,30.07371933508324,2021-10-16,"{""type"":""MultiPoint"",""coordinates"":[]}"
2021_10_24,29.85170657127128,2021-10-24,"{""type"":""MultiPoint"",""coordinates"":[]}"
2021_11_01,29.435137568324933,2021-11-01,"{""type"":""MultiPoint"",""coordinates"":[]}"
2021_11_09,,2021-11-09,"{""type"":""MultiPoint"",""coordinates"":[]}"
2021_11_17,30.16480737707161,2021-11-17,"{""type"":""MultiPoint"",""coordinates"":[]}"
2021_11_25,30.21464542326595,2021-11-25,"{""type"":""MultiPoint"",""coordinates"":[]}"
2021_12_03,29.676394676049256,2021-12-03,"{""type"":""MultiPoint"",""coordinates"":[]}"
2021_12_11,30.271750098079906,2021-12-11,"{""type"":""MultiPoint"",""coordinates"":[]}"
2021_12_19,30.29933300190868,2021-12-19,"{""type"":""MultiPoint"",""coordinates"":[]}"
2021_12_27,30.91085130128039,2021-12-27,"{""type"":""MultiPoint"",""coordinates"":[]}"
2022_01_01,31.22762215087829,2022-01-01,"{""type"":""MultiPoint"",""coordinates"":[]}"
2022_01_09,30.085475094322817,2022-01-09,"{""type"":""MultiPoint"",""coordinates"":[]}"
2022_01_17,29.822102711629782,2022-01-17,"{""type"":""MultiPoint"",""coordinates"":[]}"
2022_01_25,31.29214060048406,2022-01-25,"{""type"":""MultiPoint"",""coordinates"":[]}"
2022_02_02,31.52648939759274,2022-02-02,"{""type"":""MultiPoint"",""coordinates"":[]}"
2022_02_10,31.249351595107953,2022-02-10,"{""type"":""MultiPoint"",""coordinates"":[]}"
2022_02_18,32.64953513738203,2022-02-18,"{""type"":""MultiPoint"",""coordinates"":[]}"
2022_02_26,32.984438031139064,2022-02-26,"{""type"":""MultiPoint"",""coordinates"":[]}"
2022_03_06,33.46392160065915,2022-03-06,"{""type"":""MultiPoint"",""coordinates"":[]}"
2022_03_14,32.356700549559434,2022-03-14,"{""type"":""MultiPoint"",""coordinates"":[]}"
2022_03_22,33.784441078877364,2022-03-22,"{""type"":""MultiPoint"",""coordinates"":[]}"
2022_03_30,29.99047520143006,2022-03-30,"{""type"":""MultiPoint"",""coordinates"":[]}"
2022_04_07,32.03930286211471,2022-04-07,"{""type"":""MultiPoint"",""coordinates"":[]}"
2022_04_15,31.174535752657846,2022-04-15,"{""type"":""MultiPoint"",""coordinates"":[]}"
2022_04_23,29.66590613715647,2022-04-23,"{""type"":""MultiPoint"",""coordinates"":[]}"
2022_05_01,30.849613846987666,2022-05-01,"{""type"":""MultiPoint"",""coordinates"":[]}"
2022_05_09,,2022-05-09,"{""type"":""MultiPoint"",""coordinates"":[]}"
2022_05_17,27.444547103241348,2022-05-17,"{""type"":""MultiPoint"",""coordinates"":[]}"
2022_05_25,28.56968419784539,2022-05-25,"{""type"":""MultiPoint"",""coordinates"":[]}"
2022_06_02,29.49421016640082,2022-06-02,"{""type"":""MultiPoint"",""coordinates"":[]}"
2022_06_10,30.08663457911331,2022-06-10,"{""type"":""MultiPoint"",""coordinates"":[]}"
2022_06_18,25.421928622987707,2022-06-18,"{""type"":""MultiPoint"",""coordinates"":[]}"
2022_06_26,29.145442270189392,2022-06-26,"{""type"":""MultiPoint"",""coordinates"":[]}"
2022_07_04,,2022-07-04,"{""type"":""MultiPoint"",""coordinates"":[]}"
2022_07_12,26.2077209632007,2022-07-12,"{""type"":""MultiPoint"",""coordinates"":[]}"
2022_07_20,28.093769059150418,2022-07-20,"{""type"":""MultiPoint"",""coordinates"":[]}"
2022_07_28,28.45793061895148,2022-07-28,"{""type"":""MultiPoint"",""coordinates"":[]}"
2022_08_05,25.86052188274158,2022-08-05,"{""type"":""MultiPoint"",""coordinates"":[]}"
2022_08_13,29.892930674696117,2022-08-13,"{""type"":""MultiPoint"",""coordinates"":[]}"
2022_08_21,,2022-08-21,"{""type"":""MultiPoint"",""coordinates"":[]}"
2022_08_29,28.48562874683995,2022-08-29,"{""type"":""MultiPoint"",""coordinates"":[]}"
2022_09_06,24.543506833926244,2022-09-06,"{""type"":""MultiPoint"",""coordinates"":[]}"
2022_09_14,29.253584160598166,2022-09-14,"{""type"":""MultiPoint"",""coordinates"":[]}"
2022_09_22,28.77484990251361,2022-09-22,"{""type"":""MultiPoint"",""coordinates"":[]}"
2022_09_30,26.346610843031613,2022-09-30,"{""type"":""MultiPoint"",""coordinates"":[]}"
2022_10_08,26.8108603393203,2022-10-08,"{""type"":""MultiPoint"",""coordinates"":[]}"
2022_10_16,,2022-10-16,"{""type"":""MultiPoint"",""coordinates"":[]}"
2022_10_24,29.817016603245406,2022-10-24,"{""type"":""MultiPoint"",""coordinates"":[]}"
2022_11_01,29.379945004342858,2022-11-01,"{""type"":""MultiPoint"",""coordinates"":[]}"
2022_11_09,28.25154101422055,2022-11-09,"{""type"":""MultiPoint"",""coordinates"":[]}"
2022_11_17,29.16404628537225,2022-11-17,"{""type"":""MultiPoint"",""coordinates"":[]}"
2022_11_25,28.243629771879398,2022-11-25,"{""type"":""MultiPoint"",""coordinates"":[]}"
2022_12_03,28.035277418855003,2022-12-03,"{""type"":""MultiPoint"",""coordinates"":[]}"
2022_12_11,29.35972637933338,2022-12-11,"{""type"":""MultiPoint"",""coordinates"":[]}"
2022_12_19,28.87753395795346,2022-12-19,"{""type"":""MultiPoint"",""coordinates"":[]}"
2022_12_27,29.475300247397627,2022-12-27,"{""type"":""MultiPoint"",""coordinates"":[]}"
2023_01_01,29.860870717553325,2023-01-01,"{""type"":""MultiPoint"",""coordinates"":[]}"
2023_01_09,29.13244892738618,2023-01-09,"{""type"":""MultiPoint"",""coordinates"":[]}"
2023_01_17,30.01964206285504,2023-01-17,"{""type"":""MultiPoint"",""coordinates"":[]}"
2023_01_25,28.73904745597298,2023-01-25,"{""type"":""MultiPoint"",""coordinates"":[]}"
2023_02_02,30.55384856435967,2023-02-02,"{""type"":""MultiPoint"",""coordinates"":[]}"
2023_02_10,31.176892802374027,2023-02-10,"{""type"":""MultiPoint"",""coordinates"":[]}"
2023_02_18,32.19076913519763,2023-02-18,"{""type"":""MultiPoint"",""coordinates"":[]}"
2023_02_26,32.96003223797561,2023-02-26,"{""type"":""MultiPoint"",""coordinates"":[]}"
2023_03_06,33.662412728163304,2023-03-06,"{""type"":""MultiPoint"",""coordinates"":[]}"
2023_03_14,32.061794393618925,2023-03-14,"{""type"":""MultiPoint"",""coordinates"":[]}"
2023_03_22,32.11475759851095,2023-03-22,"{""type"":""MultiPoint"",""coordinates"":[]}"
2023_03_30,31.992428274534177,2023-03-30,"{""type"":""MultiPoint"",""coordinates"":[]}"
2023_04_07,33.303036925021445,2023-04-07,"{""type"":""MultiPoint"",""coordinates"":[]}"
2023_04_15,33.258081809168914,2023-04-15,"{""type"":""MultiPoint"",""coordinates"":[]}"
2023_04_23,30.25927523613052,2023-04-23,"{""type"":""MultiPoint"",""coordinates"":[]}"
2023_05_01,28.487564358990937,2023-05-01,"{""type"":""MultiPoint"",""coordinates"":[]}"
2023_05_09,30.102604614643326,2023-05-09,"{""type"":""MultiPoint"",""coordinates"":[]}"
2023_05_17,30.014989570296507,2023-05-17,"{""type"":""MultiPoint"",""coordinates"":[]}"
2023_05_25,28.4027385711625,2023-05-25,"{""type"":""MultiPoint"",""coordinates"":[]}"
2023_06_02,28.981198722894817,2023-06-02,"{""type"":""MultiPoint"",""coordinates"":[]}"
2023_06_10,24.21505439698791,2023-06-10,"{""type"":""MultiPoint"",""coordinates"":[]}"
2023_06_18,25.382800804829003,2023-06-18,"{""type"":""MultiPoint"",""coordinates"":[]}"
2023_06_26,30.012671546438412,2023-06-26,"{""type"":""MultiPoint"",""coordinates"":[]}"
2023_07_04,25.016531141868484,2023-07-04,"{""type"":""MultiPoint"",""coordinates"":[]}"
2023_07_12,21.076873718737374,2023-07-12,"{""type"":""MultiPoint"",""coordinates"":[]}"
2023_07_20,31.341560748431164,2023-07-20,"{""type"":""MultiPoint"",""coordinates"":[]}"
2023_07_28,28.337045906948333,2023-07-28,"{""type"":""MultiPoint"",""coordinates"":[]}"
2023_08_05,28.02261110982846,2023-08-05,"{""type"":""MultiPoint"",""coordinates"":[]}"
2023_08_13,28.715321672582036,2023-08-13,"{""type"":""MultiPoint"",""coordinates"":[]}"
2023_08_21,29.76051727314848,2023-08-21,"{""type"":""MultiPoint"",""coordinates"":[]}"
2023_08_29,31.385633279687283,2023-08-29,"{""type"":""MultiPoint"",""coordinates"":[]}"
2023_09_06,30.399293961744263,2023-09-06,"{""type"":""MultiPoint"",""coordinates"":[]}"
2023_09_14,20.15705882352944,2023-09-14,"{""type"":""MultiPoint"",""coordinates"":[]}"
2023_09_22,25.293242385786755,2023-09-22,"{""type"":""MultiPoint"",""coordinates"":[]}"
2023_09_30,29.615188958074953,2023-09-30,"{""type"":""MultiPoint"",""coordinates"":[]}"
2023_10_08,30.992322253823204,2023-10-08,"{""type"":""MultiPoint"",""coordinates"":[]}"
2023_10_16,29.595744011339605,2023-10-16,"{""type"":""MultiPoint"",""coordinates"":[]}"
2023_10_24,28.7895054874308,2023-10-24,"{""type"":""MultiPoint"",""coordinates"":[]}"
2023_11_01,30.428541616585733,2023-11-01,"{""type"":""MultiPoint"",""coordinates"":[]}"
2023_11_09,28.814267298088907,2023-11-09,"{""type"":""MultiPoint"",""coordinates"":[]}"
2023_11_17,28.42024619603876,2023-11-17,"{""type"":""MultiPoint"",""coordinates"":[]}"
2023_11_25,30.830274420821468,2023-11-25,"{""type"":""MultiPoint"",""coordinates"":[]}"
2023_12_03,28.943328356621294,2023-12-03,"{""type"":""MultiPoint"",""coordinates"":[]}"
2023_12_11,29.75645297449472,2023-12-11,"{""type"":""MultiPoint"",""coordinates"":[]}"
2023_12_19,29.557177447409686,2023-12-19,"{""type"":""MultiPoint"",""coordinates"":[]}"
2023_12_27,30.0698357482774,2023-12-27,"{""type"":""MultiPoint"",""coordinates"":[]}"
2024_01_01,29.112170744577327,2024-01-01,"{""type"":""MultiPoint"",""coordinates"":[]}"
2024_01_09,29.475359081735235,2024-01-09,"{""type"":""MultiPoint"",""coordinates"":[]}"
2024_01_17,30.231933244193215,2024-01-17,"{""type"":""MultiPoint"",""coordinates"":[]}"
2024_01_25,29.819580170361178,2024-01-25,"{""type"":""MultiPoint"",""coordinates"":[]}"
2024_02_02,30.655051381504734,2024-02-02,"{""type"":""MultiPoint"",""coordinates"":[]}"
2024_02_10,31.902004004174614,2024-02-10,"{""type"":""MultiPoint"",""coordinates"":[]}"
2024_02_18,31.18735936378954,2024-02-18,"{""type"":""MultiPoint"",""coordinates"":[]}"
2024_02_26,32.3571795809853,2024-02-26,"{""type"":""MultiPoint"",""coordinates"":[]}"
2024_03_05,31.612012156467983,2024-03-05,"{""type"":""MultiPoint"",""coordinates"":[]}"
2024_03_13,31.128779285622954,2024-03-13,"{""type"":""MultiPoint"",""coordinates"":[]}"
2024_03_21,32.96759491283575,2024-03-21,"{""type"":""MultiPoint"",""coordinates"":[]}"
2024_03_29,32.24631664933395,2024-03-29,"{""type"":""MultiPoint"",""coordinates"":[]}"
2024_04_06,33.32878377369627,2024-04-06,"{""type"":""MultiPoint"",""coordinates"":[]}"
2024_04_14,29.72326616247568,2024-04-14,"{""type"":""MultiPoint"",""coordinates"":[]}"
2024_04_22,33.35805235879309,2024-04-22,"{""type"":""MultiPoint"",""coordinates"":[]}"
2024_04_30,31.822711551930354,2024-04-30,"{""type"":""MultiPoint"",""coordinates"":[]}"
2024_05_08,32.29682951794098,2024-05-08,"{""type"":""MultiPoint"",""coordinates"":[]}"
2024_05_16,25.290390599849673,2024-05-16,"{""type"":""MultiPoint"",""coordinates"":[]}"
2024_05_24,,2024-05-24,"{""type"":""MultiPoint"",""coordinates"":[]}"
2024_06_01,26.986800000000017,2024-06-01,"{""type"":""MultiPoint"",""coordinates"":[]}"
2024_06_09,28.714494309897646,2024-06-09,"{""type"":""MultiPoint"",""coordinates"":[]}"
2024_06_17,28.38386315386765,2024-06-17,"{""type"":""MultiPoint"",""coordinates"":[]}"
2024_06_25,24.255050463097575,2024-06-25,"{""type"":""MultiPoint"",""coordinates"":[]}"
2024_07_03,27.135922673669086,2024-07-03,"{""type"":""MultiPoint"",""coordinates"":[]}"
2024_07_11,27.44505960079158,2024-07-11,"{""type"":""MultiPoint"",""coordinates"":[]}"
2024_07_19,25.997173808748755,2024-07-19,"{""type"":""MultiPoint"",""coordinates"":[]}"
2024_07_27,,2024-07-27,"{""type"":""MultiPoint"",""coordinates"":[]}"
2024_08_04,25.77000000000004,2024-08-04,"{""type"":""MultiPoint"",""coordinates"":[]}"
2024_08_12,27.31394467583516,2024-08-12,"{""type"":""MultiPoint"",""coordinates"":[]}"
2024_08_20,27.524880320071873,2024-08-20,"{""type"":""MultiPoint"",""coordinates"":[]}"
2024_08_28,25.922814805756104,2024-08-28,"{""type"":""MultiPoint"",""coordinates"":[]}"
2024_09_05,26.841483904805784,2024-09-05,"{""type"":""MultiPoint"",""coordinates"":[]}"
2024_09_13,28.370054652937654,2024-09-13,"{""type"":""MultiPoint"",""coordinates"":[]}"
2024_09_21,28.747770269841624,2024-09-21,"{""type"":""MultiPoint"",""coordinates"":[]}"
2024_09_29,28.457719347971363,2024-09-29,"{""type"":""MultiPoint"",""coordinates"":[]}"
2024_10_07,,2024-10-07,"{""type"":""MultiPoint"",""coordinates"":[]}"
2024_10_15,27.95794498644358,2024-10-15,"{""type"":""MultiPoint"",""coordinates"":[]}"
2024_10_23,29.18232219195238,2024-10-23,"{""type"":""MultiPoint"",""coordinates"":[]}"
2024_10_31,28.406409818896805,2024-10-31,"{""type"":""MultiPoint"",""coordinates"":[]}"
2024_11_08,29.691331591620724,2024-11-08,"{""type"":""MultiPoint"",""coordinates"":[]}"
2024_11_16,28.9409006449589,2024-11-16,"{""type"":""MultiPoint"",""coordinates"":[]}"
2024_11_24,26.45467295430825,2024-11-24,"{""type"":""MultiPoint"",""coordinates"":[]}"
2024_12_02,28.34556159274689,2024-12-02,"{""type"":""MultiPoint"",""coordinates"":[]}"
2024_12_10,28.995084805465183,2024-12-10,"{""type"":""MultiPoint"",""coordinates"":[]}"
2024_12_18,28.331101680475285,2024-12-18,"{""type"":""MultiPoint"",""coordinates"":[]}"
2024_12_26,27.818781967014957,2024-12-26,"{""type"":""MultiPoint"",""coordinates"":[]}"
2025_01_01,28.636778369603746,2025-01-01,"{""type"":""MultiPoint"",""coordinates"":[]}"
2025_01_09,29.55502134930441,2025-01-09,"{""type"":""MultiPoint"",""coordinates"":[]}"
2025_01_17,29.548307663351125,2025-01-17,"{""type"":""MultiPoint"",""coordinates"":[]}"
2025_01_25,28.72930279782588,2025-01-25,"{""type"":""MultiPoint"",""coordinates"":[]}"
2025_02_02,30.13710660835494,2025-02-02,"{""type"":""MultiPoint"",""coordinates"":[]}"
2025_02_10,30.1990422621721,2025-02-10,"{""type"":""MultiPoint"",""coordinates"":[]}"
2025_02_18,31.507997521095604,2025-02-18,"{""type"":""MultiPoint"",""coordinates"":[]}"
2025_02_26,31.013202462256345,2025-02-26,"{""type"":""MultiPoint"",""coordinates"":[]}"
2025_03_06,31.79752433158086,2025-03-06,"{""type"":""MultiPoint"",""coordinates"":[]}"
2025_03_14,30.55376058097221,2025-03-14,"{""type"":""MultiPoint"",""coordinates"":[]}"
2025_03_22,30.26991671097568,2025-03-22,"{""type"":""MultiPoint"",""coordinates"":[]}"
2025_03_30,30.582335780546543,2025-03-30,"{""type"":""MultiPoint"",""coordinates"":[]}"
2025_04_07,29.631458530695568,2025-04-07,"{""type"":""MultiPoint"",""coordinates"":[]}"
2025_04_15,30.49917551812092,2025-04-15,"{""type"":""MultiPoint"",""coordinates"":[]}"
2025_04_23,28.980146758236685,2025-04-23,"{""type"":""MultiPoint"",""coordinates"":[]}"
2025_05_01,29.127927359471585,2025-05-01,"{""type"":""MultiPoint"",""coordinates"":[]}"
2025_05_09,29.327975486863522,2025-05-09,"{""type"":""MultiPoint"",""coordinates"":[]}"
2025_05_17,28.058921144304918,2025-05-17,"{""type"":""MultiPoint"",""coordinates"":[]}"
2025_05_25,,2025-05-25,"{""type"":""MultiPoint"",""coordinates"":[]}"
2025_06_02,27.674182392468765,2025-06-02,"{""type"":""MultiPoint"",""coordinates"":[]}"
2025_06_10,25.55024691358028,2025-06-10,"{""type"":""MultiPoint"",""coordinates"":[]}"
2025_06_18,23.770182259197952,2025-06-18,"{""type"":""MultiPoint"",""coordinates"":[]}"
2025_06_26,23.3192695297883,2025-06-26,"{""type"":""MultiPoint"",""coordinates"":[]}"
2025_07_04,26.10681616658104,2025-07-04,"{""type"":""MultiPoint"",""coordinates"":[]}"
2025_07_12,,2025-07-12,"{""type"":""MultiPoint"",""coordinates"":[]}"
2025_07_20,,2025-07-20,"{""type"":""MultiPoint"",""coordinates"":[]}"
2025_07_28,27.413092805959252,2025-07-28,"{""type"":""MultiPoint"",""coordinates"":[]}"
2025_08_05,25.19994215328734,2025-08-05,"{""type"":""MultiPoint"",""coordinates"":[]}"
2025_08_13,25.004087097515708,2025-08-13,"{""type"":""MultiPoint"",""coordinates"":[]}"
2025_08_21,27.231443619748916,2025-08-21,"{""type"":""MultiPoint"",""coordinates"":[]}"
2025_08_29,27.611997798920754,2025-08-29,"{""type"":""MultiPoint"",""coordinates"":[]}"
2025_09_06,26.81828827407901,2025-09-06,"{""type"":""MultiPoint"",""coordinates"":[]}"
2025_09_14,27.069604911811496,2025-09-14,"{""type"":""MultiPoint"",""coordinates"":[]}"
2025_09_22,28.27435003869772,2025-09-22,"{""type"":""MultiPoint"",""coordinates"":[]}"
2025_09_30,28.294809391917852,2025-09-30,"{""type"":""MultiPoint"",""coordinates"":[]}"
2025_10_08,29.699908252309967,2025-10-08,"{""type"":""MultiPoint"",""coordinates"":[]}"
2025_10_16,26.225953038529042,2025-10-16,"{""type"":""MultiPoint"",""coordinates"":[]}"
2025_10_24,27.875290012153755,2025-10-24,"{""type"":""MultiPoint"",""coordinates"":[]}"
2025_11_01,28.52781025794326,2025-11-01,"{""type"":""MultiPoint"",""coordinates"":[]}"
2025_11_09,27.935944502485597,2025-11-09,"{""type"":""MultiPoint"",""coordinates"":[]}"
2025_11_17,28.195147355557708,2025-11-17,"{""type"":""MultiPoint"",""coordinates"":[]}"
2025_11_25,24.57409241626857,2025-11-25,"{""type"":""MultiPoint"",""coordinates"":[]}"
2025_12_03,27.294630008935485,2025-12-03,"{""type"":""MultiPoint"",""coordinates"":[]}"
2025_12_11,27.343665097654934,2025-12-11,"{""type"":""MultiPoint"",""coordinates"":[]}"
2025_12_19,26.73902895664048,2025-12-19,"{""type"":""MultiPoint"",""coordinates"":[]}"
2025_12_27,26.77759627723168,2025-12-27,"{""type"":""MultiPoint"",""coordinates"":[]}"
