system:index,date,surface_pressure,temperature_2m,total_precipitation_sum,u_component_of_wind_10m,v_component_of_wind_10m,volumetric_soil_water_layer_1,.geo
20180101,2018-01-01,99815.8442032992,298.6480412635112,1.3498253134683006E-5,0.1784142788993523,-0.3553175735765961,0.2883908872149258,"{""type"":""MultiPoint"",""coordinates"":[]}"
20180102,2018-01-02,99814.76030385544,298.709334603782,1.770589548200702E-5,0.21658484542265233,-0.18956451026819293,0.28482638415357125,"{""type"":""MultiPoint"",""coordinates"":[]}"
20180103,2018-01-03,99948.28503997576,298.9859055061585,1.3921240198385673E-4,0.4454842205302104,-0.44287080309943877,0.2822735906005522,"{""type"":""MultiPoint"",""coordinates"":[]}"
20180104,2018-01-04,99950.52667774119,299.5642403768711,2.6918785839750986E-4,0.40450636694846576,-0.2689604508732071,0.28008980435209646,"{""type"":""MultiPoint"",""coordinates"":[]}"
20180105,2018-01-05,99858.97603553897,298.9712185947379,3.8262909032033715E-4,0.2577373081853376,0.04695620173114842,0.2793540560234795,"{""type"":""MultiPoint"",""coordinates"":[]}"
20180106,2018-01-06,99894.25786890564,298.50148025454916,5.978285253737715E-4,-0.010858763896411586,0.5528497176612278,0.2818053469432635,"{""type"":""MultiPoint"",""coordinates"":[]}"
20180107,2018-01-07,99928.74429229213,298.3732402784089,5.578596951356004E-4,0.15764911897853956,0.18761016293949975,0.28099709701217107,"{""type"":""MultiPoint"",""coordinates"":[]}"
20180108,2018-01-08,99986.93380839656,298.24806962836925,2.928310099637266E-4,0.031130588374210684,0.14745124623901296,0.2819900081656074,"{""type"":""MultiPoint"",""coordinates"":[]}"
20180109,2018-01-09,100109.29191471048,298.51206355387814,6.302895664876398E-4,0.13340130533245212,-0.1793165918811753,0.2800133499134502,"{""type"":""MultiPoint"",""coordinates"":[]}"
20180110,2018-01-10,100139.77676337677,299.7771149114972,6.264714882056354E-4,-0.09632558198714002,0.31186478549807334,0.2811551268878272,"{""type"":""MultiPoint"",""coordinates"":[]}"
20180111,2018-01-11,100114.51516600746,299.9619567947672,8.864047254757507E-6,0.04091559072314067,0.006959568595840373,0.28055538943731273,"{""type"":""MultiPoint"",""coordinates"":[]}"
20180112,2018-01-12,100085.98576524283,300.27416529141306,6.821445461442364E-4,0.20171285644290055,0.23912336835208914,0.27887901696380424,"{""type"":""MultiPoint"",""coordinates"":[]}"
20180113,2018-01-13,99998.95221828423,299.9481509236537,1.313328274449292E-4,0.24908124926228098,-0.050324330752336395,0.2791530103806135,"{""type"":""MultiPoint"",""coordinates"":[]}"
20180114,2018-01-14,100016.89997160352,299.7108862787818,1.1141210783701531E-7,-0.23003851801375522,-0.20822089514289288,0.27575591310083136,"{""type"":""MultiPoint"",""coordinates"":[]}"
20180115,2018-01-15,99985.66986335638,299.685185848685,1.716613667213096E-6,-0.11541626119229614,-0.08691293239765462,0.27211213596223394,"{""type"":""MultiPoint"",""coordinates"":[]}"
20180116,2018-01-16,99975.21244454525,299.3999065624319,5.424666927095496E-4,0.19039383535273935,0.5202998986595568,0.2700059586726842,"{""type"":""MultiPoint"",""coordinates"":[]}"
20180117,2018-01-17,99987.48688754423,299.4142644503667,4.934956945325767E-4,0.19291266725533054,-0.08395544859864046,0.2728385910390017,"{""type"":""MultiPoint"",""coordinates"":[]}"
20180118,2018-01-18,99927.62198579215,299.49986601580883,3.3605142886761457E-4,0.12157151916591949,0.23532640903897983,0.27281730102509727,"{""type"":""MultiPoint"",""coordinates"":[]}"
20180119,2018-01-19,99973.34541692966,299.0971359223583,8.948937109311127E-4,-0.29725745538490755,0.051479757011244826,0.27705374003631705,"{""type"":""MultiPoint"",""coordinates"":[]}"
20180120,2018-01-20,99960.81871078024,298.761512382169,1.701030448976511E-4,0.09054713404541165,0.026001520505933358,0.27428463391206453,"{""type"":""MultiPoint"",""coordinates"":[]}"
20180121,2018-01-21,99895.34039313247,298.4378309528449,3.4246113039808416E-4,0.0905633826197906,0.07008931933149778,0.2735706305959532,"{""type"":""MultiPoint"",""coordinates"":[]}"
20180122,2018-01-22,99872.00071695582,298.607013429554,8.739983318697156E-4,0.38117459044173896,0.3025628404127805,0.272550505734304,"{""type"":""MultiPoint"",""coordinates"":[]}"
20180123,2018-01-23,99860.1816453793,299.1497267486815,9.143215117090359E-4,0.5000323770080339,0.10714614517428811,0.27914095091152,"{""type"":""MultiPoint"",""coordinates"":[]}"
20180124,2018-01-24,99816.34145327621,299.4901241254802,4.089713622782656E-4,0.3778487862639594,-0.27626098883182104,0.2790790956343349,"{""type"":""MultiPoint"",""coordinates"":[]}"
20180125,2018-01-25,99753.60740033408,299.68425935345607,4.1634654956919094E-4,0.49701001781986826,-0.13310457058344946,0.2778369661907348,"{""type"":""MultiPoint"",""coordinates"":[]}"
20180126,2018-01-26,99818.38790232874,299.4902402887208,4.170123115584947E-4,0.23635358622131736,0.26495132625124485,0.2779768590586649,"{""type"":""MultiPoint"",""coordinates"":[]}"
20180127,2018-01-27,99886.45060007121,299.569869950867,9.945993910530527E-4,0.5864991617827539,0.5012753637869609,0.2769445563067695,"{""type"":""MultiPoint"",""coordinates"":[]}"
20180128,2018-01-28,99924.45259017385,298.6588357567056,0.0014031298637684343,0.17817345472579543,0.20810035244033434,0.2882068058320688,"{""type"":""MultiPoint"",""coordinates"":[]}"
20180129,2018-01-29,99970.38675561029,299.2323498222057,8.316803346756142E-4,0.3624330524040367,0.21097146016013263,0.29038795494577574,"{""type"":""MultiPoint"",""coordinates"":[]}"
20180130,2018-01-30,99972.62636007371,299.18376940192906,3.689980018334557E-4,0.1513640122683608,-0.12088595329103081,0.2879588533757556,"{""type"":""MultiPoint"",""coordinates"":[]}"
20180131,2018-01-31,99989.60866356152,299.3692522107416,8.955398028874033E-7,-0.17729092036922584,-0.27747419276250673,0.281932504435889,"{""type"":""MultiPoint"",""coordinates"":[]}"
20180201,2018-02-01,99982.12258899763,299.343804832089,1.2872037586930674E-6,0.1566887940476614,-0.09554436979478392,0.2766101660386261,"{""type"":""MultiPoint"",""coordinates"":[]}"
20180202,2018-02-02,99936.7788159893,299.0854008570644,2.063138887868232E-5,0.0355318314554256,0.004969399341354438,0.27246888822511295,"{""type"":""MultiPoint"",""coordinates"":[]}"
20180203,2018-02-03,99943.81765580158,299.01887325667917,1.2088976760139286E-5,-0.027392445511651146,0.00286436945017263,0.26934507681581465,"{""type"":""MultiPoint"",""coordinates"":[]}"
20180204,2018-02-04,99981.07204434599,298.99868713357813,2.0173627828115852E-5,2.779311207513203E-4,0.05746115964971379,0.26689481156307115,"{""type"":""MultiPoint"",""coordinates"":[]}"
20180205,2018-02-05,100115.05971434934,300.00556784527913,1.2696537433509908E-5,0.17510760880846404,0.06296550013838745,0.26477993026148294,"{""type"":""MultiPoint"",""coordinates"":[]}"
20180206,2018-02-06,100115.33732345811,300.7447099650131,8.104794347032552E-4,0.4725824293859274,0.016307487856354455,0.2650907751258312,"{""type"":""MultiPoint"",""coordinates"":[]}"
20180207,2018-02-07,100101.06360733429,299.73073887724706,0.0032521846505695422,0.03001795860849502,-0.17405662669601288,0.28262360592647334,"{""type"":""MultiPoint"",""coordinates"":[]}"
20180208,2018-02-08,100002.39183962824,299.9698614064769,0.007018476021715706,0.12855750188358647,0.05697973319896355,0.31602965651946757,"{""type"":""MultiPoint"",""coordinates"":[]}"
20180209,2018-02-09,99991.31259537894,299.3798093187049,0.007478688179565345,0.037060409171719697,-0.3140331156653043,0.37259908770838535,"{""type"":""MultiPoint"",""coordinates"":[]}"
20180210,2018-02-10,100028.06335207107,300.45245653173794,6.276016528968387E-4,-0.0035974138816799593,0.18406324788403208,0.37312633880329094,"{""type"":""MultiPoint"",""coordinates"":[]}"
20180211,2018-02-11,100105.69608140066,300.4115622871583,0.0022626712214282264,0.536866321703006,0.22587920811503304,0.35684976326701373,"{""type"":""MultiPoint"",""coordinates"":[]}"
20180212,2018-02-12,100274.09927821947,299.4182733695572,0.009821349662791919,0.31374630204099985,-0.0539222072560507,0.396913478001621,"{""type"":""MultiPoint"",""coordinates"":[]}"
20180213,2018-02-13,100330.60933403112,299.8433188397031,0.0011051840904635283,-0.1635207176093858,0.16572925380709538,0.381312677645027,"{""type"":""MultiPoint"",""coordinates"":[]}"
20180214,2018-02-14,100305.70202447432,299.9340661430978,3.4742911751315926E-5,-0.05975891142628602,0.034573965740971914,0.3595869440573285,"{""type"":""MultiPoint"",""coordinates"":[]}"
20180215,2018-02-15,100286.50969073057,300.3958237110702,3.06163953779342E-6,-0.20312334462590112,-0.33947538271992383,0.3408650823447091,"{""type"":""MultiPoint"",""coordinates"":[]}"
20180216,2018-02-16,100198.45507436854,300.58601361900764,1.2501776932557468E-4,-0.1508869642190513,-0.09443532840207386,0.32575229005553374,"{""type"":""MultiPoint"",""coordinates"":[]}"
20180217,2018-02-17,99981.34354357077,300.1216747913529,9.643684908076999E-5,-0.003665688619947247,0.34707548754735995,0.31509551710772377,"{""type"":""MultiPoint"",""coordinates"":[]}"
20180218,2018-02-18,99917.32613149309,300.17095041349546,2.793333475021398E-4,0.26989271212604304,0.5317345570451812,0.3064428160491221,"{""type"":""MultiPoint"",""coordinates"":[]}"
20180219,2018-02-19,99901.49144190116,300.52269789696544,5.927294048670773E-5,0.12644941598438475,0.0433244240772611,0.2994617695332089,"{""type"":""MultiPoint"",""coordinates"":[]}"
20180220,2018-02-20,99869.83762726185,300.2085190644731,1.8577868396213945E-5,0.04943656141847669,0.05653577430386688,0.29206825446188345,"{""type"":""MultiPoint"",""coordinates"":[]}"
20180221,2018-02-21,99820.48385343888,300.58584024241554,3.575539501860708E-4,0.07376198161607007,0.5669957454537871,0.28664351535654503,"{""type"":""MultiPoint"",""coordinates"":[]}"
20180222,2018-02-22,99794.38148394537,300.5582434373029,7.047929542625578E-5,0.3198487870695214,0.0930265095790199,0.2832390024822799,"{""type"":""MultiPoint"",""coordinates"":[]}"
20180223,2018-02-23,99810.51220615083,300.5894969456872,7.677561119675699E-5,0.11656607600240874,0.36958512417011097,0.2786048888472329,"{""type"":""MultiPoint"",""coordinates"":[]}"
20180224,2018-02-24,99917.08443110039,300.8464778730941,5.5227411210300536E-5,0.16458304545414792,0.041037771016563536,0.2751966049528162,"{""type"":""MultiPoint"",""coordinates"":[]}"
20180225,2018-02-25,99919.11785585663,301.0365297762531,7.211511804874391E-6,0.3254903439561799,-0.008976083819805145,0.27151217106973796,"{""type"":""MultiPoint"",""coordinates"":[]}"
20180226,2018-02-26,99906.70398264706,301.08941341119976,2.513747004652034E-5,0.12412551647626036,-0.07596746448542524,0.2688162272073054,"{""type"":""MultiPoint"",""coordinates"":[]}"
20180227,2018-02-27,99788.7610766299,302.0164459582519,4.573636366001117E-5,0.4813653375254415,0.3620252030760441,0.2664684646905423,"{""type"":""MultiPoint"",""coordinates"":[]}"
20180228,2018-02-28,99824.9697662401,301.7647183355567,1.9693318528223613E-4,0.3415774524118741,-0.11545925688350962,0.26548492864055523,"{""type"":""MultiPoint"",""coordinates"":[]}"
20180301,2018-03-01,99793.67387965896,301.9780409769711,1.270339955898349E-4,0.5608832328017764,-0.0533979147411135,0.264273383723728,"{""type"":""MultiPoint"",""coordinates"":[]}"
20180302,2018-03-02,99763.49943799821,302.1768498549684,2.6017995007093304E-4,0.35023372249830254,0.21669041444109183,0.26418724890038414,"{""type"":""MultiPoint"",""coordinates"":[]}"
20180303,2018-03-03,99841.95993164883,301.53496293692604,5.78090499697626E-5,0.6778577721051577,-0.34172162557969465,0.2636851111145056,"{""type"":""MultiPoint"",""coordinates"":[]}"
20180304,2018-03-04,99776.75232096472,301.57474496683005,3.431090702874713E-5,0.4561429799269393,-0.019721833526665435,0.26193838294903127,"{""type"":""MultiPoint"",""coordinates"":[]}"
20180305,2018-03-05,99854.66143415113,301.61270138208283,1.259533294083924E-4,0.5642039540553698,-0.29865108222424924,0.2614894887119665,"{""type"":""MultiPoint"",""coordinates"":[]}"
20180306,2018-03-06,99855.86833316194,301.7056004668332,1.1967206921252457E-5,0.6199278823887163,-0.12816354951573072,0.26022197827938626,"{""type"":""MultiPoint"",""coordinates"":[]}"
20180307,2018-03-07,99851.5968814212,301.5103067700029,2.487837849134492E-4,0.7081191130219808,-0.13611599182133954,0.2603339164184541,"{""type"":""MultiPoint"",""coordinates"":[]}"
20180308,2018-03-08,99903.51207766816,301.69872216413705,8.683137597430872E-4,0.44232497964430945,0.585227167596323,0.2632757969409289,"{""type"":""MultiPoint"",""coordinates"":[]}"
20180309,2018-03-09,99842.82208255625,302.2964415428143,5.625229393333874E-4,0.5620020400848736,-0.22935578627918243,0.2645753882713424,"{""type"":""MultiPoint"",""coordinates"":[]}"
20180310,2018-03-10,99794.47665541372,302.13292261195414,1.8654292428532193E-5,0.07566357106024121,-0.07453420950624426,0.2655033587778915,"{""type"":""MultiPoint"",""coordinates"":[]}"
20180311,2018-03-11,99834.30157891104,302.17321377577787,2.8495601122460664E-6,0.24386613990039924,0.30829959787533173,0.2629714925238426,"{""type"":""MultiPoint"",""coordinates"":[]}"
20180312,2018-03-12,99840.66072382784,303.05420287364177,4.613151376831201E-4,0.20056757128486588,-0.15306272216106295,0.26243758588502697,"{""type"":""MultiPoint"",""coordinates"":[]}"
20180313,2018-03-13,99883.29953257882,299.87322345274634,0.00914136324963482,-0.28558962327067794,-0.02438836093991547,0.3111246667067038,"{""type"":""MultiPoint"",""coordinates"":[]}"
20180314,2018-03-14,99875.03452616237,299.9382626496481,0.005288403595435333,-0.05320764232790946,0.042343171331541155,0.3714261737662535,"{""type"":""MultiPoint"",""coordinates"":[]}"
20180315,2018-03-15,99874.50131452664,300.52297988008434,0.0026869753042876726,0.03157055677452229,0.613768864973389,0.37535906726457935,"{""type"":""MultiPoint"",""coordinates"":[]}"
20180316,2018-03-16,99826.55519761569,300.21196586309907,0.006946981945279139,-0.026791277148428706,0.48730100023730727,0.38469413083710774,"{""type"":""MultiPoint"",""coordinates"":[]}"
20180317,2018-03-17,99817.24559525585,300.62953892480954,0.003470701460712789,-0.0250421375706156,-0.37987367125826543,0.4125722999082102,"{""type"":""MultiPoint"",""coordinates"":[]}"
20180318,2018-03-18,99920.71276865741,300.23212228599175,0.006940157683460536,-0.014165762740698183,0.08907158299698426,0.41785519878829047,"{""type"":""MultiPoint"",""coordinates"":[]}"
20180319,2018-03-19,100035.60808594691,299.83204163644075,0.006970567815912888,0.06055197891728753,-0.1131791786758326,0.43043330472626795,"{""type"":""MultiPoint"",""coordinates"":[]}"
20180320,2018-03-20,99974.80444180395,300.9491681120605,6.467542502581751E-4,0.3173380279529552,0.4872388419286464,0.4031017231015521,"{""type"":""MultiPoint"",""coordinates"":[]}"
20180321,2018-03-21,99971.65453253423,300.89697769642856,0.0018418838905996766,0.5517429989653004,-0.2884655039905714,0.38412519698676656,"{""type"":""MultiPoint"",""coordinates"":[]}"
20180322,2018-03-22,99847.5717258098,300.13371551413707,0.010024890193642147,0.2369254052975757,-0.5568626883912939,0.4090402207418709,"{""type"":""MultiPoint"",""coordinates"":[]}"
20180323,2018-03-23,99806.3887373783,301.1042997539294,0.002562981164717649,0.7558952452600797,-1.0512661537824306,0.4190278652267742,"{""type"":""MultiPoint"",""coordinates"":[]}"
20180324,2018-03-24,99843.02742105094,301.9341740264875,6.383388159355955E-4,0.29472877331859926,-0.4800982698538453,0.39371318704793357,"{""type"":""MultiPoint"",""coordinates"":[]}"
20180325,2018-03-25,99992.7714168174,301.89657744577204,0.0011694413105800192,0.3301042840377344,0.5374248497531109,0.3737524245590355,"{""type"":""MultiPoint"",""coordinates"":[]}"
20180326,2018-03-26,100025.86003766324,301.74421236597874,8.208790077623165E-4,0.6975560897330078,0.26563969706239465,0.35989328777149543,"{""type"":""MultiPoint"",""coordinates"":[]}"
20180327,2018-03-27,99983.43516612245,301.6615681249887,0.0016852093188557003,0.5785659093497993,0.12965063940434088,0.35291153588738067,"{""type"":""MultiPoint"",""coordinates"":[]}"
20180328,2018-03-28,99958.831775752,301.5195305016425,0.0016548715381585854,0.7921490133317391,-0.30816185424241593,0.3534874863916328,"{""type"":""MultiPoint"",""coordinates"":[]}"
20180329,2018-03-29,99946.97024031726,301.0536054722864,0.0040772237174488525,0.45455957447799017,-0.645897780018997,0.35861222459398967,"{""type"":""MultiPoint"",""coordinates"":[]}"
20180330,2018-03-30,99874.36553084197,301.3058634915165,0.0019104100067795008,0.8990039073413547,-0.7871610210956125,0.3697888528746128,"{""type"":""MultiPoint"",""coordinates"":[]}"
20180331,2018-03-31,99809.85026517096,301.73998886811825,2.9103833156748953E-4,1.0554058113440914,-0.3829185113208715,0.35730838615141436,"{""type"":""MultiPoint"",""coordinates"":[]}"
20180401,2018-04-01,99760.72611735936,301.25442358146046,0.009309739370993091,0.10374758762011578,-0.02107451817266843,0.3777059365213026,"{""type"":""MultiPoint"",""coordinates"":[]}"
20180402,2018-04-02,99870.43973333352,300.9989200451724,0.005465710368882187,0.27001835414603553,0.22683307735919098,0.40056288123403067,"{""type"":""MultiPoint"",""coordinates"":[]}"
20180403,2018-04-03,99801.82205244583,300.8161605413552,0.005358502121015529,0.0853211177858485,-0.38543108320964153,0.41555537161796724,"{""type"":""MultiPoint"",""coordinates"":[]}"
20180404,2018-04-04,99651.10125722886,301.24309547269337,0.010675670272540495,0.4374424621941078,0.13589440384855747,0.41403043400511924,"{""type"":""MultiPoint"",""coordinates"":[]}"
20180405,2018-04-05,99642.52304113466,301.09488312718616,0.002303440053030507,0.4273469615031327,0.12227260205218078,0.41401934070589463,"{""type"":""MultiPoint"",""coordinates"":[]}"
20180406,2018-04-06,99729.16526820668,301.32686252848487,0.001031155695593565,0.45578119814689666,0.04898115201184978,0.39894118310740573,"{""type"":""MultiPoint"",""coordinates"":[]}"
20180407,2018-04-07,99792.9134887006,301.25820207601566,0.0059590904620464985,0.5257321761367785,0.05644352108773912,0.3997088247859317,"{""type"":""MultiPoint"",""coordinates"":[]}"
20180408,2018-04-08,99802.71636382546,301.78154407033037,7.880878575477733E-4,0.2676212901406484,0.17117749304851101,0.4093333753431513,"{""type"":""MultiPoint"",""coordinates"":[]}"
20180409,2018-04-09,99828.03288717142,301.48294714400237,0.0020217789503852966,0.18417174885774237,0.2578363382754698,0.39647451669697814,"{""type"":""MultiPoint"",""coordinates"":[]}"
20180410,2018-04-10,99719.19971043554,301.702336919954,0.0040197142018302,0.320790877206378,0.14755432311123506,0.39152652888590933,"{""type"":""MultiPoint"",""coordinates"":[]}"
20180411,2018-04-11,99798.41975107342,300.62804729609786,0.00812051823863646,0.3382683721983256,0.2950540780161333,0.42022013111116796,"{""type"":""MultiPoint"",""coordinates"":[]}"
20180412,2018-04-12,99742.29705037981,300.30780525588125,0.011471257163215847,0.21780513814327057,-0.03862853819166957,0.452591101500489,"{""type"":""MultiPoint"",""coordinates"":[]}"
20180413,2018-04-13,99813.45609119559,300.19829588788167,0.006701993802734512,0.004205345605941238,0.4718372385323314,0.4569264182764719,"{""type"":""MultiPoint"",""coordinates"":[]}"
20180414,2018-04-14,99788.30374468696,300.23745939160995,0.01246846538457551,0.09018948634436878,0.08204092951058224,0.45700945408818033,"{""type"":""MultiPoint"",""coordinates"":[]}"
20180415,2018-04-15,99848.50096153664,299.6263233544321,0.026159857291782072,0.014462062323490349,-0.11718554951878372,0.4630100162202084,"{""type"":""MultiPoint"",""coordinates"":[]}"
20180416,2018-04-16,99877.15321207949,301.0854361644515,0.006618967165452783,0.17555146183527953,0.01544284644300569,0.4586573574516921,"{""type"":""MultiPoint"",""coordinates"":[]}"
20180417,2018-04-17,99976.16538735689,300.71952014399886,0.0021386243663530724,0.29119573887301,0.06928239831386787,0.46111074854138534,"{""type"":""MultiPoint"",""coordinates"":[]}"
20180418,2018-04-18,99954.23110341586,300.37510826673946,0.004726902480659355,0.36235824618893814,0.02652231055478779,0.46113733999401585,"{""type"":""MultiPoint"",""coordinates"":[]}"
20180419,2018-04-19,99809.81922500452,300.6598122712869,0.005201824050212835,0.09480008862313495,0.33898141765583023,0.4577320333655772,"{""type"":""MultiPoint"",""coordinates"":[]}"
20180420,2018-04-20,99809.16654728165,300.06750387147525,0.006706321394187389,-0.06754564548258114,-0.23433400927175765,0.4690526334522061,"{""type"":""MultiPoint"",""coordinates"":[]}"
20180421,2018-04-21,99746.0413150854,301.06234200142063,0.007093689028254699,0.07280003080174303,0.14844238950105976,0.4603831915632438,"{""type"":""MultiPoint"",""coordinates"":[]}"
20180422,2018-04-22,99814.19264787779,301.0639051847094,0.0014293463413697308,0.05611736239371269,-0.11362019240361795,0.450811829757828,"{""type"":""MultiPoint"",""coordinates"":[]}"
20180423,2018-04-23,99800.86082170713,301.4659588212276,0.003560588669248149,0.40330466417068905,-0.13233418928371743,0.4409031458149765,"{""type"":""MultiPoint"",""coordinates"":[]}"
20180424,2018-04-24,99818.21864346912,301.3230597400539,0.002565456969229108,0.5528558854200417,-0.6650038752536932,0.4434156054443917,"{""type"":""MultiPoint"",""coordinates"":[]}"
20180425,2018-04-25,99757.19455351878,300.7630869726362,0.006269491090629453,0.44999768192599876,-0.5718723700186684,0.4500666008587139,"{""type"":""MultiPoint"",""coordinates"":[]}"
20180426,2018-04-26,99649.10173735155,302.1126475601848,0.0013696487347944256,0.48357509228311657,-0.7115063846562686,0.43866448081991316,"{""type"":""MultiPoint"",""coordinates"":[]}"
20180427,2018-04-27,99745.9540684587,301.7259519067805,0.004524595923058976,0.15869512052429396,-0.30961737883235696,0.4338719883508474,"{""type"":""MultiPoint"",""coordinates"":[]}"
20180428,2018-04-28,99862.90446086801,301.3982915402548,0.003969665597214764,0.463598332277269,0.3114553562851677,0.4405111891100765,"{""type"":""MultiPoint"",""coordinates"":[]}"
20180429,2018-04-29,99776.42225293524,301.3096952013048,0.003855836898050098,0.2948283658518873,-0.4854315205940993,0.4375410797590533,"{""type"":""MultiPoint"",""coordinates"":[]}"
20180430,2018-04-30,99750.756472676,301.1104586688727,0.007304522064608363,0.46733478055950084,-0.5637798007541387,0.4445197242629515,"{""type"":""MultiPoint"",""coordinates"":[]}"
20180501,2018-05-01,99803.8299327969,301.41247156214035,7.754312990953375E-4,0.51265018155962,-0.20713201808963838,0.4428128578267657,"{""type"":""MultiPoint"",""coordinates"":[]}"
20180502,2018-05-02,99793.63819028497,301.2207279751001,0.00649893707600647,0.5185928672591517,-0.7725493310520692,0.43979965062765625,"{""type"":""MultiPoint"",""coordinates"":[]}"
20180503,2018-05-03,99775.33134786756,301.0109028924557,0.004253358678340565,0.2655335160484823,-0.6496659030649493,0.44534108821897794,"{""type"":""MultiPoint"",""coordinates"":[]}"
20180504,2018-05-04,99770.43379342942,301.0588142031846,0.0071158244124750235,0.2754453353432455,0.14336332877620306,0.44891359107055007,"{""type"":""MultiPoint"",""coordinates"":[]}"
20180505,2018-05-05,99894.68517657011,300.1029087790705,0.010346161883220663,-0.07773115921800047,0.33958683639840015,0.4633195098453251,"{""type"":""MultiPoint"",""coordinates"":[]}"
20180506,2018-05-06,99965.3412061128,299.36835247685895,0.005114883346077854,-0.44987791446356107,0.562961519903712,0.47123847046155243,"{""type"":""MultiPoint"",""coordinates"":[]}"
20180507,2018-05-07,99844.31816838244,300.475467456277,0.004127320829211877,0.06696389234184948,0.2427640365341962,0.4622308356441805,"{""type"":""MultiPoint"",""coordinates"":[]}"
20180508,2018-05-08,99764.17024123289,299.7924265886159,0.008388985532782287,0.0017997727025542548,-0.008288024594999017,0.4591220089242585,"{""type"":""MultiPoint"",""coordinates"":[]}"
20180509,2018-05-09,99819.90297424851,298.84761464279114,0.016162305581324636,-0.3650282985789514,0.6991852024080436,0.4669345554673251,"{""type"":""MultiPoint"",""coordinates"":[]}"
20180510,2018-05-10,99923.62566665445,299.12819168071564,0.014613855262330881,-0.5786700500348881,0.5308685287831424,0.4709081634877321,"{""type"":""MultiPoint"",""coordinates"":[]}"
20180511,2018-05-11,99851.203603714,299.59497522170017,0.01206421328360397,-0.43460782781675006,0.8566535624593395,0.47279704071349415,"{""type"":""MultiPoint"",""coordinates"":[]}"
20180512,2018-05-12,99823.02022343667,299.3263343219961,0.01512364184452316,-0.22729693331502354,0.3795448806025344,0.4687587403523148,"{""type"":""MultiPoint"",""coordinates"":[]}"
20180513,2018-05-13,99790.50815245975,299.2457624087613,0.00852398800314698,-0.23261925291163896,0.2592897764234133,0.4744837494162445,"{""type"":""MultiPoint"",""coordinates"":[]}"
20180514,2018-05-14,99783.54606536524,299.7611974818673,0.0034681410300323227,-0.020912161697660997,-0.1065323946065865,0.47669692680889897,"{""type"":""MultiPoint"",""coordinates"":[]}"
20180515,2018-05-15,99617.45497135936,300.38409650307153,0.010235731446631242,0.06904555668207814,0.21085737135307425,0.47450311018564,"{""type"":""MultiPoint"",""coordinates"":[]}"
20180516,2018-05-16,99624.83903558263,299.1854890767652,0.010523595099867342,-0.38528817617659644,0.48078794824144183,0.469538865202335,"{""type"":""MultiPoint"",""coordinates"":[]}"
20180517,2018-05-17,99683.8203104457,298.96115615634716,0.01693004574142951,-0.4752158435409296,0.6536044647006091,0.4742711884913242,"{""type"":""MultiPoint"",""coordinates"":[]}"
20180518,2018-05-18,99690.85065948199,298.7050819027838,0.010137101303276668,-0.6326596521101745,0.8503686907715862,0.4603355044082805,"{""type"":""MultiPoint"",""coordinates"":[]}"
20180519,2018-05-19,99615.67101600302,300.0992235437525,0.002852663395102172,-0.04141662584816783,0.44959315053974463,0.4524001935336836,"{""type"":""MultiPoint"",""coordinates"":[]}"
20180520,2018-05-20,99706.87304100556,299.02464073548913,0.014773147471789561,-0.29931593508742765,0.43767437881568777,0.47345599940167354,"{""type"":""MultiPoint"",""coordinates"":[]}"
20180521,2018-05-21,99703.51081221031,299.0708514531225,0.007309984571599939,-0.22012671342132786,0.02532286791005291,0.47080087518445557,"{""type"":""MultiPoint"",""coordinates"":[]}"
20180522,2018-05-22,99643.28589662498,299.6666657332833,0.007797975863259755,0.17559845336627927,-0.06703280108610389,0.47178279988137206,"{""type"":""MultiPoint"",""coordinates"":[]}"
20180523,2018-05-23,99637.99293761834,298.7070139375841,0.016045438432889032,0.17408095267060028,-0.43649817195158197,0.47584540833359595,"{""type"":""MultiPoint"",""coordinates"":[]}"
20180524,2018-05-24,99529.97416000837,299.098540727845,0.029875416478175466,0.5513610250603941,-0.5965613939108965,0.46335125221686235,"{""type"":""MultiPoint"",""coordinates"":[]}"
20180525,2018-05-25,99467.43830816739,298.09748188637394,0.05313305872202521,0.14713724858343266,-0.24047696693597873,0.47301631920153403,"{""type"":""MultiPoint"",""coordinates"":[]}"
20180526,2018-05-26,99366.58793470474,298.7542763772042,0.02610575731695222,-0.34740092895082286,0.5494581110876674,0.46712136581004526,"{""type"":""MultiPoint"",""coordinates"":[]}"
20180527,2018-05-27,99395.27461597229,298.03611703302477,0.023792286693335708,-1.3785813647202683,1.9810955255618246,0.4757664477915442,"{""type"":""MultiPoint"",""coordinates"":[]}"
20180528,2018-05-28,99506.77913211896,298.2937796065722,0.04611556133637565,1.7947833421984345,1.147316013209048,0.47813650879353814,"{""type"":""MultiPoint"",""coordinates"":[]}"
20180529,2018-05-29,99586.27143002374,299.1672990924823,0.008338523415545813,1.5594764397198482,-0.9232658434120533,0.46854699473352956,"{""type"":""MultiPoint"",""coordinates"":[]}"
20180530,2018-05-30,99597.72087827003,298.7335361483465,0.010496690660742375,0.6735462789882878,-0.3144777543356477,0.4796224003271469,"{""type"":""MultiPoint"",""coordinates"":[]}"
20180531,2018-05-31,99600.26417265822,299.98582439305676,0.002284872533569149,0.11421499196146669,0.874974518530729,0.46710480461758,"{""type"":""MultiPoint"",""coordinates"":[]}"
20180601,2018-06-01,99637.20042721528,299.4251823443635,0.008986279951442765,-0.18328436539571202,1.2762524289341985,0.47831892345312454,"{""type"":""MultiPoint"",""coordinates"":[]}"
20180602,2018-06-02,99677.60142902825,298.65581266048054,0.016044436141870323,-0.09478422454492821,1.0172225839172593,0.475921484351889,"{""type"":""MultiPoint"",""coordinates"":[]}"
20180603,2018-06-03,99660.71168122061,297.7217359878737,0.03143505940070101,0.002766818406418782,0.47279288095556105,0.47552321338068915,"{""type"":""MultiPoint"",""coordinates"":[]}"
20180604,2018-06-04,99575.8085000733,297.8000496521437,0.021006640620194018,0.17657110166314677,0.37385946782338303,0.47938261560586115,"{""type"":""MultiPoint"",""coordinates"":[]}"
20180605,2018-06-05,99660.06582317682,298.3116785772347,0.018298232845875055,0.29867945864934564,0.40173124003143806,0.48056150116102525,"{""type"":""MultiPoint"",""coordinates"":[]}"
20180606,2018-06-06,99841.18802508285,298.67564069016765,0.019839772545179938,0.8936422996644806,0.41409222428250425,0.4779979826409824,"{""type"":""MultiPoint"",""coordinates"":[]}"
20180607,2018-06-07,99834.99875614184,297.8913357733879,0.027558328688489665,1.5719162603599095,0.617726099578531,0.4818478899658952,"{""type"":""MultiPoint"",""coordinates"":[]}"
20180608,2018-06-08,99730.16784496287,298.00295529787985,0.030893613359479093,2.8436206499391603,0.26351079999261345,0.48250306880679017,"{""type"":""MultiPoint"",""coordinates"":[]}"
20180609,2018-06-09,99741.27686802941,297.87567664425114,0.04588264169415283,3.660935540743237,-0.22909525928481264,0.48127374753368524,"{""type"":""MultiPoint"",""coordinates"":[]}"
20180610,2018-06-10,99828.95950171015,298.00128376898056,0.02884392197883142,2.7657003965583007,-0.38295354498078993,0.4788433614438049,"{""type"":""MultiPoint"",""coordinates"":[]}"
20180611,2018-06-11,99884.23543801982,297.94609123268503,0.033591080294341324,2.379506898135545,-0.2718215903233903,0.4751854154951571,"{""type"":""MultiPoint"",""coordinates"":[]}"
20180612,2018-06-12,99876.47781269722,297.8884226893818,0.02019322391840901,1.4408288309817447,-0.1440089096715207,0.4787824244177647,"{""type"":""MultiPoint"",""coordinates"":[]}"
20180613,2018-06-13,99888.80360558054,297.67857580646927,0.02263473503380788,1.8569122082425618,-0.26854907722624466,0.48395002431373124,"{""type"":""MultiPoint"",""coordinates"":[]}"
20180614,2018-06-14,99917.25618020027,297.55166019518117,0.026528670281708546,1.5479371010906093,-0.31125041307602275,0.4751681867650616,"{""type"":""MultiPoint"",""coordinates"":[]}"
20180615,2018-06-15,99946.19547355827,297.8274362561566,0.014115569937756117,1.055499037293119,-0.11309874792886564,0.4738772529036196,"{""type"":""MultiPoint"",""coordinates"":[]}"
20180616,2018-06-16,100025.03143565137,297.93916496632704,0.016284245495493746,1.301913459393565,-0.14416111795242223,0.4807033805925122,"{""type"":""MultiPoint"",""coordinates"":[]}"
20180617,2018-06-17,99979.3631494217,298.0465045635023,0.010145946851269325,0.8402949765491177,-0.48891706020446024,0.463741804949007,"{""type"":""MultiPoint"",""coordinates"":[]}"
20180618,2018-06-18,99961.03975116498,297.9168416805202,0.009315400936846007,0.6615073862865661,0.2924752972535552,0.49556988107282574,"{""type"":""MultiPoint"",""coordinates"":[]}"
20180619,2018-06-19,99904.61631494453,297.549288178224,0.027208324196940806,0.8692114857874153,0.7972606422523135,0.4818860709860657,"{""type"":""MultiPoint"",""coordinates"":[]}"
20180620,2018-06-20,99860.53741135928,297.2710437788415,0.03418571274569791,1.462452178076492,0.9515355289061207,0.47818853110272036,"{""type"":""MultiPoint"",""coordinates"":[]}"
20180621,2018-06-21,99828.25661154764,297.288710973744,0.03901542409894443,1.4943764477140673,-0.042058481965475986,0.47592605187752773,"{""type"":""MultiPoint"",""coordinates"":[]}"
20180622,2018-06-22,99790.72369855057,297.4235505341251,0.025968867091121464,1.257808083452733,-0.12198910045142297,0.4737730722098357,"{""type"":""MultiPoint"",""coordinates"":[]}"
20180623,2018-06-23,99798.17948946406,297.38305137185813,0.020781946700701947,0.8225498841436225,-0.2599359568473109,0.4829118783434705,"{""type"":""MultiPoint"",""coordinates"":[]}"
20180624,2018-06-24,99868.45014612636,297.86525332330154,0.006821148475007925,0.9941123357571752,-0.04150985666931443,0.49165654380184814,"{""type"":""MultiPoint"",""coordinates"":[]}"
20180625,2018-06-25,99851.28494858812,297.2037837302144,0.020830556272753036,1.160031268796979,-0.2019969467962572,0.48899040240510067,"{""type"":""MultiPoint"",""coordinates"":[]}"
20180626,2018-06-26,99769.6274200414,297.90846666766413,0.005764075786668417,1.0325765468736354,-0.7797546763591491,0.4956104558510682,"{""type"":""MultiPoint"",""coordinates"":[]}"
20180627,2018-06-27,99743.57056735245,297.37491795443225,0.022256088229089577,1.027726173744793,-0.5174132840165384,0.4815076424935387,"{""type"":""MultiPoint"",""coordinates"":[]}"
20180628,2018-06-28,99763.86847913568,296.5936901236056,0.017648777878778162,0.1485444190539711,-0.086340721058493,0.4732446218858131,"{""type"":""MultiPoint"",""coordinates"":[]}"
20180629,2018-06-29,99745.3970851153,296.79779428219996,0.042093021657500014,0.514490655127992,-0.2996014905729637,0.4782925572643516,"{""type"":""MultiPoint"",""coordinates"":[]}"
20180630,2018-06-30,99780.44703025925,297.5355930899267,0.008330373402967377,0.35970815710615034,-0.6034285812828458,0.47336479803306136,"{""type"":""MultiPoint"",""coordinates"":[]}"
20180701,2018-07-01,99802.78622977616,297.61351353498253,0.014365040961130372,0.3804660429818684,-0.3001562577483889,0.47876592341029944,"{""type"":""MultiPoint"",""coordinates"":[]}"
20180702,2018-07-02,99824.9984866157,297.7340032609843,0.012103459845041289,0.5427565989062713,-0.47514440974932415,0.47597467665747384,"{""type"":""MultiPoint"",""coordinates"":[]}"
20180703,2018-07-03,99867.816201875,298.2670177262998,0.005381517290831433,0.56822970532815,-0.8217870448841931,0.4866709854184672,"{""type"":""MultiPoint"",""coordinates"":[]}"
20180704,2018-07-04,99900.01386521537,299.06059759845954,0.0019034848946517594,0.6442348188126741,-1.1260752745840554,0.4762233320745887,"{""type"":""MultiPoint"",""coordinates"":[]}"
20180705,2018-07-05,99914.46111839711,298.65336165970984,0.0044148862909111864,1.1752968632353802,-1.0617406046695759,0.4755952827975446,"{""type"":""MultiPoint"",""coordinates"":[]}"
20180706,2018-07-06,99859.53254128354,298.86418789587196,0.0036935617932861734,1.191353105699118,-1.7086199074499973,0.47971628548821266,"{""type"":""MultiPoint"",""coordinates"":[]}"
20180707,2018-07-07,99806.5529245459,297.233002392686,0.023141281940393443,1.9436462488093047,-0.6634489676889026,0.47959474170848526,"{""type"":""MultiPoint"",""coordinates"":[]}"
20180708,2018-07-08,99741.84399328956,297.0303622423593,0.01813299148425788,2.3414949455403384,-1.1184190757458912,0.48206507413056865,"{""type"":""MultiPoint"",""coordinates"":[]}"
20180709,2018-07-09,99812.1339749486,296.6390402445729,0.026569306263930153,2.2224553857575904,-0.5421271768093741,0.47918668500017797,"{""type"":""MultiPoint"",""coordinates"":[]}"
20180710,2018-07-10,99910.83719603186,296.8366142162439,0.033872658920834055,2.312459441500367,-0.3510184159630236,0.4783874573164769,"{""type"":""MultiPoint"",""coordinates"":[]}"
20180711,2018-07-11,99923.19005192841,296.8445624869552,0.029189148083125407,2.1288231249998533,-0.707994447532275,0.4811388776485474,"{""type"":""MultiPoint"",""coordinates"":[]}"
20180712,2018-07-12,99824.96696327449,297.75152246016904,0.017840591446228318,1.5073482854132152,-0.5849797567190325,0.48584991963612717,"{""type"":""MultiPoint"",""coordinates"":[]}"
20180713,2018-07-13,99819.87767113734,296.818027224187,0.019988462210393486,1.6168051477893786,-0.41898717761598603,0.48853575872363253,"{""type"":""MultiPoint"",""coordinates"":[]}"
20180714,2018-07-14,99733.55553487544,297.274662779707,0.02086686830711466,1.7725781013020134,-1.0510601212104533,0.47192636414894856,"{""type"":""MultiPoint"",""coordinates"":[]}"
20180715,2018-07-15,99740.05990927445,297.0573787482861,0.04274511011528462,2.49931768162174,-0.8118273132279284,0.4770576544916535,"{""type"":""MultiPoint"",""coordinates"":[]}"
20180716,2018-07-16,99834.86818601433,296.93567365579185,0.044830456807554195,1.8317612947101052,-0.6177274051774708,0.47654587862253456,"{""type"":""MultiPoint"",""coordinates"":[]}"
20180717,2018-07-17,99834.55124640554,297.5525664776503,0.020825209970232943,1.555837913006025,-0.8727598579933847,0.4775739710610969,"{""type"":""MultiPoint"",""coordinates"":[]}"
20180718,2018-07-18,99878.66307936369,297.1314763907044,0.023471528539965394,1.3897331697262456,-0.919019656795223,0.47726726772722433,"{""type"":""MultiPoint"",""coordinates"":[]}"
20180719,2018-07-19,99924.09251553302,296.99579293872034,0.021840281080036553,0.9818875734329454,-0.5729281218210398,0.48124691201654946,"{""type"":""MultiPoint"",""coordinates"":[]}"
20180720,2018-07-20,99946.28526166572,296.8818782245129,0.02316002786643661,1.0571355240779765,-0.6413389298330922,0.48259644577717875,"{""type"":""MultiPoint"",""coordinates"":[]}"
20180721,2018-07-21,99988.36246081544,297.6592458265735,0.012014744885650418,1.3011937343754694,-1.2383387219892958,0.4932261191963191,"{""type"":""MultiPoint"",""coordinates"":[]}"
20180722,2018-07-22,99920.21129283775,298.1329757833957,0.008308087878212642,0.9308932616541857,-1.5566268042025475,0.4824537438173568,"{""type"":""MultiPoint"",""coordinates"":[]}"
20180723,2018-07-23,99907.3044861185,297.7893627059906,0.012504053545499891,1.013391622457815,-1.4825718091620121,0.4833882029547487,"{""type"":""MultiPoint"",""coordinates"":[]}"
20180724,2018-07-24,100004.16601216205,297.6695937566967,0.012074773306957403,0.8933777529999303,-1.2936018774437497,0.47176613253403044,"{""type"":""MultiPoint"",""coordinates"":[]}"
20180725,2018-07-25,99995.54531888598,297.5673344439362,0.010157533185578285,0.9879417093861403,-1.1822270057224027,0.489938986790067,"{""type"":""MultiPoint"",""coordinates"":[]}"
20180726,2018-07-26,100035.1211839051,297.9371845654848,0.005738669330276317,1.2610346258424596,-1.2014290827772827,0.49515120452062816,"{""type"":""MultiPoint"",""coordinates"":[]}"
20180727,2018-07-27,99976.90657534475,298.43702494729837,0.004355324188859031,0.8849926013215144,-0.914016911367024,0.49121004022762654,"{""type"":""MultiPoint"",""coordinates"":[]}"
20180728,2018-07-28,99900.02921035903,298.2348226821685,0.005849594137967019,1.268513573005604,-0.7555565732877292,0.4919037866483501,"{""type"":""MultiPoint"",""coordinates"":[]}"
20180729,2018-07-29,99811.90546513442,298.07341924924833,0.010899980959477185,1.0990539653496985,-0.5783731521558756,0.49100518160706624,"{""type"":""MultiPoint"",""coordinates"":[]}"
20180730,2018-07-30,99846.0961443918,297.5728018575311,0.014676137791400437,1.0368992596495707,-0.18863544251744263,0.4703729299129611,"{""type"":""MultiPoint"",""coordinates"":[]}"
20180731,2018-07-31,99980.12036464438,296.85668449800795,0.011455436864459139,0.09933120245141959,-0.2547341045930361,0.4675936855394575,"{""type"":""MultiPoint"",""coordinates"":[]}"
20180801,2018-08-01,100009.62160075488,297.6919196172753,0.003734983070159119,0.6295840165580405,-0.517845286100956,0.48082499361364944,"{""type"":""MultiPoint"",""coordinates"":[]}"
20180802,2018-08-02,100043.39885675628,298.5886308248406,0.005911063854542371,0.8124455067813076,-0.8363962170022772,0.4813363398191864,"{""type"":""MultiPoint"",""coordinates"":[]}"
20180803,2018-08-03,100092.47647111234,297.60268964491183,0.004025531397627914,0.2351693541889854,-0.7952503983196926,0.4907435441134656,"{""type"":""MultiPoint"",""coordinates"":[]}"
20180804,2018-08-04,100095.17283729972,297.80288861849397,0.003374681948777188,0.6634435595221095,-0.8591242398847712,0.48792577457622854,"{""type"":""MultiPoint"",""coordinates"":[]}"
20180805,2018-08-05,100092.17172098509,298.21811256702165,0.00508747386701097,1.5201001465929607,-1.2500089137567638,0.48397979479538794,"{""type"":""MultiPoint"",""coordinates"":[]}"
20180806,2018-08-06,100003.05412373737,297.7989386498806,0.007110240350396087,1.306269655435156,-0.9866443415045784,0.4934652478437839,"{""type"":""MultiPoint"",""coordinates"":[]}"
20180807,2018-08-07,99884.51805724988,296.7797155544182,0.016411336519572734,1.0280581335706742,-0.6655583134464438,0.4867166533380164,"{""type"":""MultiPoint"",""coordinates"":[]}"
20180808,2018-08-08,99864.15567655273,296.3382987320345,0.0288667546380787,1.2238227201347842,-0.4128343337773561,0.47921976508365144,"{""type"":""MultiPoint"",""coordinates"":[]}"
20180809,2018-08-09,100048.10825733539,297.2469468502517,0.012060592904165682,0.7682791064602061,-0.7919807821415497,0.4825184793766912,"{""type"":""MultiPoint"",""coordinates"":[]}"
20180810,2018-08-10,100133.21956902593,297.0356604221535,0.014462744600176169,0.8135513551448138,-0.9927283890589252,0.47650634384109414,"{""type"":""MultiPoint"",""coordinates"":[]}"
20180811,2018-08-11,100028.5092057949,296.5487615583264,0.011238758813546749,0.6797766891261222,-1.2292801846476586,0.47717981811956317,"{""type"":""MultiPoint"",""coordinates"":[]}"
20180812,2018-08-12,99921.01148643636,296.40301815330565,0.018345110340008953,0.9209020653371698,-0.9579628445606622,0.4888078493773329,"{""type"":""MultiPoint"",""coordinates"":[]}"
20180813,2018-08-13,99907.7153737632,296.81407565316243,0.02398267444527293,0.38184460849626695,-0.47378072209592653,0.48599700971296855,"{""type"":""MultiPoint"",""coordinates"":[]}"
20180814,2018-08-14,99863.06671081686,296.548019735669,0.07264424378728766,3.021935911301251,-0.13953803956673433,0.48026336736870523,"{""type"":""MultiPoint"",""coordinates"":[]}"
20180815,2018-08-15,99893.9882467375,296.2822142721499,0.14094766883502294,3.383326622052381,0.3841115287009706,0.4869475904057298,"{""type"":""MultiPoint"",""coordinates"":[]}"
20180816,2018-08-16,99905.52504544146,296.3153078762697,0.062367403394393874,2.645885742431449,-0.18945712341914342,0.47554676967510334,"{""type"":""MultiPoint"",""coordinates"":[]}"
20180817,2018-08-17,99790.51838599895,296.76084684222246,0.029423467727885302,2.571805296644653,-1.1093488367636453,0.4760380898663768,"{""type"":""MultiPoint"",""coordinates"":[]}"
20180818,2018-08-18,99843.26604008896,296.96849628205,0.020173583292736053,2.3176138584739046,-1.1598732065647208,0.47827204587239186,"{""type"":""MultiPoint"",""coordinates"":[]}"
20180819,2018-08-19,99844.02905792886,297.1443401551731,0.015066128136812457,1.9739175373035671,-1.436115215927782,0.4808634804882586,"{""type"":""MultiPoint"",""coordinates"":[]}"
20180820,2018-08-20,99930.06349540353,296.90238168558005,0.010065343302163758,1.1432724184737153,-1.0167664888888432,0.4878977782337378,"{""type"":""MultiPoint"",""coordinates"":[]}"
20180821,2018-08-21,99943.40358936905,297.96901925508047,0.0036658196956343694,0.9911154052187781,-1.0090413933147648,0.4853846198851307,"{""type"":""MultiPoint"",""coordinates"":[]}"
20180822,2018-08-22,99947.72371240251,298.28376818717794,0.003511678365849813,0.8219753874796976,-1.298058807613443,0.479109401384187,"{""type"":""MultiPoint"",""coordinates"":[]}"
20180823,2018-08-23,99940.40415002088,298.6846379888704,9.705645112496097E-4,1.32437149471554,-1.515222553665756,0.4663637722752274,"{""type"":""MultiPoint"",""coordinates"":[]}"
20180824,2018-08-24,99891.97055638826,298.39233762023684,5.587519526352663E-4,0.882680945448584,-1.3251940604227213,0.45731861686775344,"{""type"":""MultiPoint"",""coordinates"":[]}"
20180825,2018-08-25,99839.48942509246,298.41650580786677,7.807355504409096E-4,1.0352658022910248,-1.3011540900286693,0.45018412244622275,"{""type"":""MultiPoint"",""coordinates"":[]}"
20180826,2018-08-26,99790.37501197371,297.9496575341888,0.005150628571876679,0.9905834278244714,-0.9655247041419345,0.46189055079980496,"{""type"":""MultiPoint"",""coordinates"":[]}"
20180827,2018-08-27,99847.63420068848,297.84387628807735,0.00514351686726741,0.5313316658864675,-1.0691352841630268,0.47810555857124065,"{""type"":""MultiPoint"",""coordinates"":[]}"
20180828,2018-08-28,99930.3428767989,296.9389567319585,0.015802565676363803,0.865692348688866,-1.2050081264200312,0.48354828015215223,"{""type"":""MultiPoint"",""coordinates"":[]}"
20180829,2018-08-29,99954.94160082296,297.5424000283448,0.00452149390604211,0.5624197386594787,-1.3578157702780842,0.47699430559472217,"{""type"":""MultiPoint"",""coordinates"":[]}"
20180830,2018-08-30,99897.2874432305,298.26655444991115,0.002142117856815323,1.086090989404608,-1.3902973542492583,0.4677627558661763,"{""type"":""MultiPoint"",""coordinates"":[]}"
20180831,2018-08-31,99948.36301759342,297.36748266099727,0.01343346355535999,0.36830165847904883,-0.8508930855150452,0.48490514662392165,"{""type"":""MultiPoint"",""coordinates"":[]}"
20180901,2018-09-01,99999.89535426717,297.5215546756657,0.003831698421973229,0.4123821625386828,-0.6412891661236674,0.45746969050377495,"{""type"":""MultiPoint"",""coordinates"":[]}"
20180902,2018-09-02,99997.49136565677,298.16470866175234,0.0019133289986425388,0.8063565823217614,-0.8742309108722209,0.45949118050521254,"{""type"":""MultiPoint"",""coordinates"":[]}"
20180903,2018-09-03,99983.547380831,298.55549931586364,3.639632583576656E-5,0.8374203203790305,-0.9039063000280652,0.4498492908214116,"{""type"":""MultiPoint"",""coordinates"":[]}"
20180904,2018-09-04,100034.27475196791,298.58304978884365,3.6162714633898905E-4,0.975029481662439,-0.9936320843469034,0.4358491103141007,"{""type"":""MultiPoint"",""coordinates"":[]}"
20180905,2018-09-05,100010.58898451825,298.37327439837463,0.001123780001378442,0.8351835791258473,-0.9776838555446625,0.432216355628385,"{""type"":""MultiPoint"",""coordinates"":[]}"
20180906,2018-09-06,99976.44441681885,298.1363682646579,0.003647120989490162,1.157491818315809,-0.7381388523040132,0.4331359049350772,"{""type"":""MultiPoint"",""coordinates"":[]}"
20180907,2018-09-07,100010.2800886666,298.1843443688384,0.0017637122791291774,0.7035110914760205,-0.7817406988241364,0.44509033435152495,"{""type"":""MultiPoint"",""coordinates"":[]}"
20180908,2018-09-08,99913.99158799232,298.5539108963738,6.715040177031626E-4,0.7641255534287044,-1.0993527334346007,0.43285217954642735,"{""type"":""MultiPoint"",""coordinates"":[]}"
20180909,2018-09-09,99926.35129103699,299.1390494247916,4.1763780808511834E-5,0.9658501628844094,-0.9203473416239129,0.4161855435339874,"{""type"":""MultiPoint"",""coordinates"":[]}"
20180910,2018-09-10,100083.63278978514,298.91076852106283,1.2595202355167349E-5,0.8893494810647068,-1.0165106663696466,0.40172545092225376,"{""type"":""MultiPoint"",""coordinates"":[]}"
20180911,2018-09-11,100078.28657906837,299.11438900983916,1.3299568374726568E-4,0.9112077470667759,-0.8264319415791188,0.3903813003877534,"{""type"":""MultiPoint"",""coordinates"":[]}"
20180912,2018-09-12,99925.54159153749,299.29097602143577,7.788638606270416E-5,0.9810940391356194,-0.7935247845712196,0.38060534408794955,"{""type"":""MultiPoint"",""coordinates"":[]}"
20180913,2018-09-13,99879.88631135006,299.1066011833965,3.308145917420569E-4,0.9841999742242205,-0.9553524781941422,0.37288862708268633,"{""type"":""MultiPoint"",""coordinates"":[]}"
20180914,2018-09-14,99960.86793233582,299.11761754647324,6.879724527239327E-5,0.7660306074653974,-0.488931701696038,0.3636874562201699,"{""type"":""MultiPoint"",""coordinates"":[]}"
20180915,2018-09-15,99941.76110844243,299.2269581715523,1.0690138608611888E-4,0.6245415753248666,-0.5065910692670079,0.3550140413187318,"{""type"":""MultiPoint"",""coordinates"":[]}"
20180916,2018-09-16,99875.41767245914,298.5794618686584,0.011948216084513127,0.5689149137327973,-0.10160916542860733,0.3851348911573829,"{""type"":""MultiPoint"",""coordinates"":[]}"
20180917,2018-09-17,99882.72723784133,298.10870274661727,0.004643733965503668,0.471077220745708,-0.1941859664101916,0.4594295992130757,"{""type"":""MultiPoint"",""coordinates"":[]}"
20180918,2018-09-18,99913.9082023033,298.52472283700035,0.004721816293014789,0.9558852773859658,-0.026780662835826505,0.45430088845679584,"{""type"":""MultiPoint"",""coordinates"":[]}"
20180919,2018-09-19,99817.7815830338,298.1882803841614,0.005714482749315977,0.6229849124215576,-0.731966866310836,0.4592273236180831,"{""type"":""MultiPoint"",""coordinates"":[]}"
20180920,2018-09-20,99685.40770504173,297.81907870428756,0.004919191264220623,0.18123043201078315,-0.016898508412374554,0.46266667053868293,"{""type"":""MultiPoint"",""coordinates"":[]}"
20180921,2018-09-21,99789.5687750509,298.54591927366175,0.0013436974115935724,0.31333558217509605,-0.19915483416036742,0.44990785025335117,"{""type"":""MultiPoint"",""coordinates"":[]}"
20180922,2018-09-22,99973.7518469463,299.15267228558605,6.635382132026379E-4,0.1688760837005127,0.07396305693587313,0.4320809538224839,"{""type"":""MultiPoint"",""coordinates"":[]}"
20180923,2018-09-23,100072.04582084308,299.08983188381086,0.00398659862872989,0.019643304611372963,0.20821150969335533,0.4302566270155323,"{""type"":""MultiPoint"",""coordinates"":[]}"
20180924,2018-09-24,100053.58975224498,299.0311512360708,0.0050728196245653995,-0.013346297076895112,-0.06101172352112289,0.44554241094212094,"{""type"":""MultiPoint"",""coordinates"":[]}"
20180925,2018-09-25,99912.70989003436,299.5319403671191,5.320244859763661E-4,0.462388826084332,-0.5497998635719309,0.43192460121680276,"{""type"":""MultiPoint"",""coordinates"":[]}"
20180926,2018-09-26,99789.26441072396,299.65244491330446,0.012588606736071144,0.24745053611046453,-0.33519913918382493,0.4349738005362876,"{""type"":""MultiPoint"",""coordinates"":[]}"
20180927,2018-09-27,99755.4139903642,299.0962993581933,0.012932096194132728,-0.06675293852838993,-0.10104991822506978,0.4649656258862901,"{""type"":""MultiPoint"",""coordinates"":[]}"
20180928,2018-09-28,99803.41005758422,299.0642743326751,0.017744413660344977,0.08954678666263492,-0.07061755013789733,0.4718483904116226,"{""type"":""MultiPoint"",""coordinates"":[]}"
20180929,2018-09-29,99831.19567810929,298.5542131115116,0.011087365733366437,-0.08612609915556219,-0.16327264971251038,0.4734159197453652,"{""type"":""MultiPoint"",""coordinates"":[]}"
20180930,2018-09-30,99809.41405434148,298.7480807244198,0.011933197229875694,-0.2802881710173091,-0.21192985607577797,0.4769316290502208,"{""type"":""MultiPoint"",""coordinates"":[]}"
20181001,2018-10-01,99808.65022903848,298.6811085529146,0.008376917999615277,-0.23447382259517927,0.17824708022582936,0.48066867987028267,"{""type"":""MultiPoint"",""coordinates"":[]}"
20181002,2018-10-02,99863.27771963089,298.74195471221486,0.0049832669361946965,-0.20624305577443783,-0.002426973084501243,0.48016792347345494,"{""type"":""MultiPoint"",""coordinates"":[]}"
20181003,2018-10-03,99841.96264422464,298.413242402451,0.023503269391595426,-0.1869287732731109,-0.10767487117427088,0.4737998410076001,"{""type"":""MultiPoint"",""coordinates"":[]}"
20181004,2018-10-04,99752.57494157532,298.0397399797336,0.027508021215110576,-0.31971649631225574,-0.0032264474980431986,0.4772124142009974,"{""type"":""MultiPoint"",""coordinates"":[]}"
20181005,2018-10-05,99719.13118237196,297.7385429930753,0.03109569028522136,-0.36210021165604067,0.0359440200216195,0.46894737779700063,"{""type"":""MultiPoint"",""coordinates"":[]}"
20181006,2018-10-06,99755.55045484877,298.43773007063305,0.009318596602144288,-0.47471511305231145,0.15468427061332446,0.47234867954357324,"{""type"":""MultiPoint"",""coordinates"":[]}"
20181007,2018-10-07,99810.18973691393,298.45117106932355,0.013050413931806474,-0.6525180354429592,0.6274885284684286,0.470099905531973,"{""type"":""MultiPoint"",""coordinates"":[]}"
20181008,2018-10-08,99862.43811582487,297.992063905918,0.017942593002997893,-0.16735436638640538,0.27144090348904154,0.4780986306472157,"{""type"":""MultiPoint"",""coordinates"":[]}"
20181009,2018-10-09,99823.73409396978,297.7574685561369,0.012655751229810674,0.04612087438220888,0.0206966832475402,0.48054125790757074,"{""type"":""MultiPoint"",""coordinates"":[]}"
20181010,2018-10-10,99794.30626996796,298.16105268551536,0.010552590268278537,-0.0021544372910762117,-0.21552716408917677,0.4583677899910577,"{""type"":""MultiPoint"",""coordinates"":[]}"
20181011,2018-10-11,99833.68679589832,298.84047063833714,0.007303520084884092,0.269676101882665,-0.1749612907045577,0.47086383958521444,"{""type"":""MultiPoint"",""coordinates"":[]}"
20181012,2018-10-12,99904.45815977312,298.79576340024323,0.00587621690218946,-0.1616745352788046,0.04505589541685038,0.4801710497689572,"{""type"":""MultiPoint"",""coordinates"":[]}"
20181013,2018-10-13,100077.63171625898,298.39351871200216,0.00810294360287818,-0.28001066084764437,0.8464733047659603,0.47295158570568513,"{""type"":""MultiPoint"",""coordinates"":[]}"
20181014,2018-10-14,100156.24786562574,297.49631856952044,0.012337227676734144,-0.455320697834406,0.7511611704156296,0.4703635576754641,"{""type"":""MultiPoint"",""coordinates"":[]}"
20181015,2018-10-15,100102.07114977996,298.1803554854065,0.004867513329484267,-0.3560419677613318,0.30758145027743017,0.47348842730902174,"{""type"":""MultiPoint"",""coordinates"":[]}"
20181016,2018-10-16,100213.2852793915,297.65041166682244,0.014539874480703622,-0.438149478920149,0.6272637460907862,0.4758724957106276,"{""type"":""MultiPoint"",""coordinates"":[]}"
20181017,2018-10-17,100131.58723682471,298.4179445732843,0.0012756763624929975,-0.26494427233995316,0.23140297670865345,0.47297335800205753,"{""type"":""MultiPoint"",""coordinates"":[]}"
20181018,2018-10-18,100023.5192541523,299.2561526050332,0.006073092137898784,0.031124721884311916,0.14185058991773472,0.46688239673880927,"{""type"":""MultiPoint"",""coordinates"":[]}"
20181019,2018-10-19,100030.83844869425,298.43964629684,0.014005995370659897,-0.3742674068556855,-0.14835897542662543,0.483753498048504,"{""type"":""MultiPoint"",""coordinates"":[]}"
20181020,2018-10-20,100147.09896848751,297.45667600213284,0.01587201253928336,-0.3724036402162959,0.11005512550912064,0.4710071785889333,"{""type"":""MultiPoint"",""coordinates"":[]}"
20181021,2018-10-21,100123.67786256425,298.40804851902044,0.013713135482863402,-0.2229577142439406,0.09504226458045438,0.4713726756750126,"{""type"":""MultiPoint"",""coordinates"":[]}"
20181022,2018-10-22,100129.68347565629,297.6568031388989,0.01827573882912283,-0.18981682219633134,0.26968978852488584,0.4711354223921516,"{""type"":""MultiPoint"",""coordinates"":[]}"
20181023,2018-10-23,100090.71054964543,298.9363629659476,0.0011467407702254228,0.0034484562929439832,0.13088769129741537,0.45605905246012396,"{""type"":""MultiPoint"",""coordinates"":[]}"
20181024,2018-10-24,100049.4620484147,299.1214835928931,0.0030453402553008912,-0.24513134690972668,0.2421923299895585,0.4513739570858875,"{""type"":""MultiPoint"",""coordinates"":[]}"
20181025,2018-10-25,100066.99286630427,299.31816999034436,0.0014778359863025826,-0.14168329785715317,0.20916264529181788,0.45074707150015075,"{""type"":""MultiPoint"",""coordinates"":[]}"
20181026,2018-10-26,100061.68376719287,299.98203741711694,0.0010893229640996118,-0.36081921921024007,0.39564259301041277,0.4399702425458165,"{""type"":""MultiPoint"",""coordinates"":[]}"
20181027,2018-10-27,100051.4380865362,299.7493342649394,7.812717583759597E-4,-0.2574552659132057,0.2408083360174239,0.42796806510157676,"{""type"":""MultiPoint"",""coordinates"":[]}"
20181028,2018-10-28,99942.09000492567,299.9497436370282,2.0934095172128544E-4,-0.33595502312072467,0.0196495770204381,0.41526224819824875,"{""type"":""MultiPoint"",""coordinates"":[]}"
20181029,2018-10-29,99895.33282133943,298.99871836718586,0.0013947451201567758,-0.06958285718171096,0.002483414233712451,0.4113199632032258,"{""type"":""MultiPoint"",""coordinates"":[]}"
20181030,2018-10-30,99864.4068509751,299.33176981874044,2.3253183210899037E-4,0.14701776588202412,-0.19321869815079445,0.40352121266712293,"{""type"":""MultiPoint"",""coordinates"":[]}"
20181031,2018-10-31,99859.72956778629,299.1857300542957,0.00427370154695916,0.037397026112911035,0.048970140062683645,0.40640019504965796,"{""type"":""MultiPoint"",""coordinates"":[]}"
20181101,2018-11-01,99848.67266591112,298.76779816067267,0.0077236376806548695,-0.24625101168577831,-0.2985737506322154,0.4347307275358711,"{""type"":""MultiPoint"",""coordinates"":[]}"
20181102,2018-11-02,99840.04935995773,298.8494159750304,0.020011752416650787,-0.09964304105609863,0.3192149716109121,0.4715885412723116,"{""type"":""MultiPoint"",""coordinates"":[]}"
20181103,2018-11-03,99954.81768597067,297.53084149242005,0.01676749003422319,-0.3864273239119234,0.05538760608370911,0.48139949830224105,"{""type"":""MultiPoint"",""coordinates"":[]}"
20181104,2018-11-04,99926.39323885133,299.8099261023761,0.002320120223718042,0.08006872234041838,0.11061404430317413,0.4668830688619631,"{""type"":""MultiPoint"",""coordinates"":[]}"
20181105,2018-11-05,99966.90786968039,299.60801313633897,0.001042817550109601,-0.11139437756525207,0.1989632292512604,0.46393114890827564,"{""type"":""MultiPoint"",""coordinates"":[]}"
20181106,2018-11-06,100014.92998226483,299.05705730467116,0.002625301534464929,-0.5457618574437537,0.6122369485085423,0.4603354343644042,"{""type"":""MultiPoint"",""coordinates"":[]}"
20181107,2018-11-07,100042.93731323346,298.7523580719207,0.0016625601328989332,-0.18943463960710183,0.2111960348135464,0.4613148220056295,"{""type"":""MultiPoint"",""coordinates"":[]}"
20181108,2018-11-08,99966.05158513272,298.72220141166304,0.01101171800071576,-0.409872924239751,0.3419948719573546,0.4689359043578516,"{""type"":""MultiPoint"",""coordinates"":[]}"
20181109,2018-11-09,99907.43341907454,297.5321836179232,0.006754675871342301,-0.6244628200996437,0.07925169114554097,0.4877331421085528,"{""type"":""MultiPoint"",""coordinates"":[]}"
20181110,2018-11-10,99965.3991480581,299.00011226233556,0.0012496848791748966,-0.24847658165717218,0.23489579771527713,0.4655527585342908,"{""type"":""MultiPoint"",""coordinates"":[]}"
20181111,2018-11-11,100084.6758819114,298.64853636503994,0.0014998852765539595,0.03401185870385539,0.25471907920713605,0.46055979028833155,"{""type"":""MultiPoint"",""coordinates"":[]}"
20181112,2018-11-12,99997.77370990212,298.490808594469,0.002274309215967807,0.061120861524400105,0.2009688669822153,0.4569543141959909,"{""type"":""MultiPoint"",""coordinates"":[]}"
20181113,2018-11-13,99843.4926510121,298.43274338776456,0.0017275126389635195,-0.015961343242738353,-0.27351486138360886,0.4556244608157673,"{""type"":""MultiPoint"",""coordinates"":[]}"
20181114,2018-11-14,99813.50371062053,299.19739455204626,4.94751971920264E-4,-0.03297010945763664,-0.1603126328414787,0.44445155506338085,"{""type"":""MultiPoint"",""coordinates"":[]}"
20181115,2018-11-15,99831.23501665055,299.81558435744773,7.614911986192391E-4,0.39874003029225,-0.23332796454759216,0.43088371700099337,"{""type"":""MultiPoint"",""coordinates"":[]}"
20181116,2018-11-16,99841.7749995422,297.0661316413207,0.08791142705907729,-0.017176885360679264,0.6184949844212242,0.4745275685672278,"{""type"":""MultiPoint"",""coordinates"":[]}"
20181117,2018-11-17,99947.43049754562,298.9873702744765,6.158712696925299E-4,-0.8402040816081345,0.6771340244936105,0.44741367092928164,"{""type"":""MultiPoint"",""coordinates"":[]}"
20181118,2018-11-18,100018.95559252538,298.9354666725836,0.0026476086990923813,-0.5056871867463599,0.33881199824178093,0.4521160886929378,"{""type"":""MultiPoint"",""coordinates"":[]}"
20181119,2018-11-19,100104.11979923832,298.6262691677556,0.005969819734356371,-0.03272353492257171,-0.1530885995473264,0.4677188803132502,"{""type"":""MultiPoint"",""coordinates"":[]}"
20181120,2018-11-20,100120.24469851819,298.26041381951507,0.0037408544247355875,-0.13719714669485422,-0.31752180313745915,0.47368984552569837,"{""type"":""MultiPoint"",""coordinates"":[]}"
20181121,2018-11-21,99996.13881491403,299.14439036895163,0.0016540633242481933,0.5355080908229539,-0.5125846747008492,0.4660290712232071,"{""type"":""MultiPoint"",""coordinates"":[]}"
20181122,2018-11-22,100005.95369680382,298.8906089300318,0.004394062465707445,-0.49365315882685923,0.17854379809437246,0.47018953521229606,"{""type"":""MultiPoint"",""coordinates"":[]}"
20181123,2018-11-23,100207.2932499563,298.0802920770582,0.015367478906055073,-0.3087163011046725,-0.17049532238143697,0.47672402908888306,"{""type"":""MultiPoint"",""coordinates"":[]}"
20181124,2018-11-24,100304.3802863973,298.04573165901803,0.014729029731741032,-0.3617105116020503,0.030428563850633018,0.47521084245401357,"{""type"":""MultiPoint"",""coordinates"":[]}"
20181125,2018-11-25,100204.40172628172,298.5225945381121,0.0016998561321506852,-0.18716895544467346,0.0010599521851794675,0.47055154546606304,"{""type"":""MultiPoint"",""coordinates"":[]}"
20181126,2018-11-26,100011.15587535173,299.3396163788649,0.002198005471043836,-0.2674837269480949,0.11082172984185024,0.461748401280965,"{""type"":""MultiPoint"",""coordinates"":[]}"
20181127,2018-11-27,100026.08561080528,298.23757531617406,4.712915537678031E-4,-0.6468878151175639,-0.20033995149972156,0.45764642541892026,"{""type"":""MultiPoint"",""coordinates"":[]}"
20181128,2018-11-28,100060.93692485057,298.8281218605211,1.902196801297271E-4,-0.3486840135418663,-0.18609433242056378,0.44080023118431927,"{""type"":""MultiPoint"",""coordinates"":[]}"
20181129,2018-11-29,100182.0334560405,298.2523528173691,0.023108856047231157,-0.6562209467802473,-0.40630181733626763,0.4603497326008647,"{""type"":""MultiPoint"",""coordinates"":[]}"
20181130,2018-11-30,100151.57497996166,298.89223407887977,0.004468255855159393,-0.3192188289535492,-0.10527226018968693,0.4615166615173069,"{""type"":""MultiPoint"",""coordinates"":[]}"
20181201,2018-12-01,99899.41714896109,299.1235643298111,7.482767642468613E-4,-0.46784682261827754,-0.11477729326716582,0.4632671727399326,"{""type"":""MultiPoint"",""coordinates"":[]}"
20181202,2018-12-02,99821.2852347835,299.03159782000637,7.903382660377082E-4,-0.21889264807991726,-0.1232866481428379,0.44991653615257077,"{""type"":""MultiPoint"",""coordinates"":[]}"
20181203,2018-12-03,99878.24561568163,299.0960300831659,3.728471828031488E-4,-0.30745309521793995,0.045025784803964394,0.43917742978066326,"{""type"":""MultiPoint"",""coordinates"":[]}"
20181204,2018-12-04,99979.51394973574,298.3618616573454,0.003453159101203007,-0.4539068781250529,-0.2816150563026022,0.4459354344691375,"{""type"":""MultiPoint"",""coordinates"":[]}"
20181205,2018-12-05,99970.02417153597,298.27338868182557,0.01864236256586616,-0.3011447614396274,-0.12011037318232771,0.4671515452057888,"{""type"":""MultiPoint"",""coordinates"":[]}"
20181206,2018-12-06,99887.52055564872,298.86876081225256,0.0037913400686385395,-0.3532422906376018,0.023145137777235637,0.46969442004150946,"{""type"":""MultiPoint"",""coordinates"":[]}"
20181207,2018-12-07,99918.58253954614,299.1496425309511,0.0014246095147086805,-0.18802968785659321,0.2307940576064757,0.4611776135033435,"{""type"":""MultiPoint"",""coordinates"":[]}"
20181208,2018-12-08,99962.30944840366,299.41034794759406,3.67116203193754E-4,-0.20093311683420004,-0.05021903508843563,0.44980976177187615,"{""type"":""MultiPoint"",""coordinates"":[]}"
20181209,2018-12-09,99970.21000372597,299.0336664142281,7.515160342359867E-4,-0.3522770239306924,0.1600595417182052,0.4389550690181499,"{""type"":""MultiPoint"",""coordinates"":[]}"
20181210,2018-12-10,100028.34619281493,298.7148080959474,5.926820068337021E-4,-0.12682345532814981,0.0735447683046609,0.4319983288737097,"{""type"":""MultiPoint"",""coordinates"":[]}"
20181211,2018-12-11,100054.85310881205,298.92417248018467,6.02866802734027E-4,-0.1784112852114671,-0.09177422933329728,0.4240181617172798,"{""type"":""MultiPoint"",""coordinates"":[]}"
20181212,2018-12-12,100146.4480628165,298.85927792789994,0.001016687844962881,-0.23504342584601967,-0.3029024560286142,0.41919186052500534,"{""type"":""MultiPoint"",""coordinates"":[]}"
20181213,2018-12-13,100156.85878406171,299.1485968501626,0.0025252423806976336,0.25796728848350603,-0.4149964215707028,0.41395154751927715,"{""type"":""MultiPoint"",""coordinates"":[]}"
20181214,2018-12-14,100126.71730681464,298.47073549512976,0.0018982673690841993,-0.13434596541180382,0.17020540283855184,0.4320239503734141,"{""type"":""MultiPoint"",""coordinates"":[]}"
20181215,2018-12-15,100061.67064434812,298.7064246140875,2.68014870947136E-4,-0.23487874847977966,0.10376496472056633,0.41846942030361806,"{""type"":""MultiPoint"",""coordinates"":[]}"
20181216,2018-12-16,100067.61876116374,298.3158370335668,1.4480056132626506E-4,-0.08428519665442605,-0.24884184529709982,0.4058441783906406,"{""type"":""MultiPoint"",""coordinates"":[]}"
20181217,2018-12-17,100113.95542242817,297.99358296867234,3.748987077370289E-4,0.12467659911164759,-0.3749461841348244,0.39681200815488105,"{""type"":""MultiPoint"",""coordinates"":[]}"
20181218,2018-12-18,100085.6601857734,297.9226449628707,8.335488612064379E-6,0.033121496714828016,-0.4240297066906006,0.38541995288231207,"{""type"":""MultiPoint"",""coordinates"":[]}"
20181219,2018-12-19,100086.57193071302,298.6783892373251,8.99562890934592E-4,0.017977109134791915,0.24931481303267647,0.3778678772755864,"{""type"":""MultiPoint"",""coordinates"":[]}"
20181220,2018-12-20,100077.04520595739,298.8445380827974,4.0554257562945274E-5,0.25563446904249043,-0.3948438128738367,0.3718417286084728,"{""type"":""MultiPoint"",""coordinates"":[]}"
20181221,2018-12-21,100045.22391090803,299.07348606697946,3.434922216443352E-4,-0.07503508260465327,-0.13280375324228175,0.36369541084297813,"{""type"":""MultiPoint"",""coordinates"":[]}"
20181222,2018-12-22,100052.88052745647,298.41158687404925,0.012571323139328081,-0.49217353753852144,0.05267377379193073,0.4019045766148806,"{""type"":""MultiPoint"",""coordinates"":[]}"
20181223,2018-12-23,100040.67246699485,298.6368973112147,0.0042057915737016855,-0.45555636088626583,-0.1304489486935993,0.45992152733016956,"{""type"":""MultiPoint"",""coordinates"":[]}"
20181224,2018-12-24,100107.42694140955,298.85754508481523,0.00310026477089179,-0.061293798637069165,-0.02596959074409927,0.4467258001695045,"{""type"":""MultiPoint"",""coordinates"":[]}"
20181225,2018-12-25,100070.81757186813,299.21137075083715,0.0024423257166328494,-0.10705914013316134,0.018082241410747116,0.43796244113544736,"{""type"":""MultiPoint"",""coordinates"":[]}"
20181226,2018-12-26,100130.77533509987,299.11864150517664,0.0023792559156711446,0.26861863675663744,0.2679696496625777,0.4314715641882433,"{""type"":""MultiPoint"",""coordinates"":[]}"
20181227,2018-12-27,100054.42224019849,299.13348948059934,0.0018676738875037483,0.10079841045451177,-0.378797538994969,0.4271649346785528,"{""type"":""MultiPoint"",""coordinates"":[]}"
20181228,2018-12-28,100010.99892864557,298.6846141579032,0.003490545637284505,-0.21861825311451905,0.15838661371823304,0.4245691258168763,"{""type"":""MultiPoint"",""coordinates"":[]}"
20181229,2018-12-29,100156.90597002626,298.149445819316,0.0027467047362158305,-0.5093008351592522,0.0860114544110597,0.4445003086965465,"{""type"":""MultiPoint"",""coordinates"":[]}"
20181230,2018-12-30,100259.7186468147,298.7999084035656,1.5666050076322392E-4,-0.22694139478298067,-0.07755814167237765,0.4272034223556289,"{""type"":""MultiPoint"",""coordinates"":[]}"
